Experiment: average-0.5-none-0
sub-buckets=31872
aa
- aa: aa
abednego
- abednego: abednego abdenago abednago abendego obednego
- abednigo: abednigo bendigo abendigo
accursia
- accursia: accursia
- accursio: accursio
adam
- adam: adam adamus adami adams adamo adamum adame adamina adamy adamss adamine adamis adamacio adames adamas adamm adamii
- adan: adan adao adanto
- addam: addam adoms adem adma adom adm addams adnet addame
- aidan: aidan
- adomas: adomas
- aatami: aatami
- dahm: dahm
- edem: edem edam
- aatu: aatu
- atam: atam
- aadam: aadam
ado
- ado: ado addo
affred
- affred: affred
aguero
- aguero: aguero
ailsa
- alisa: alisa alissa
- ailce: ailce ailsa ailse ailsie ailsy
- alsa: alsa alsia
alastair
- alastair: alastair alasdair
alexander
- alexander: alexander alexandre aleksander alexandria allexander alexand alexandri alexandr elexander alixander alaxander alexsander alexandru alexandar alesander alexanda alezander alexandrum alexande alxander alexender alamander aleander alexader alexandrea allixander aexander alexandrus alexandrew alexendre elaxander alexnder alexandrie alexandor alixsander elixander alexder alexaner alexzander alexandia alenander alaxender alexnader alcander alexamder alexcander alescander alexendra aleseander alecander ellexander alexandeer alexandrius lexander aleaxander elleander
- sandor: sandor sandra sandy sanders sander sands sandro sand sandrina sandi sanda sandie sandrine sandys sande sanderina sando sandert sandre sandry sandes sandorne sandia sandee sandar sandria sannes sanderijntje sandrijntje sandrijna
- alejandro: alejandro alessandro alesandro alegandro alijandro allessandro alefandro alisandro
- alex: alex alexr alexis alexo alexius alexey allexr alexos aleixo alexi aleix alexie alxr alexan allex alx alexii alexy alexio alexios alexd alax allexis alexando alexus alexer alexn alexe allexsander allxr alexes alexanders alexice alexix alexas elax allexand alexious alexs allexandr alexar alexsis alexcis
- alejandra: alejandra alessandra alajandra elexandra alixandra allessandra
- alexandra: alexandra alexdr
- alexandro: alexandro alexdro alexro
- alexandrine: alexandrine alexine alexanderine alexandine alexene
- alexandrina: alexandrina alejandrina alessandrina alixandrina aleixandrina
- aleja: aleja alejos
- aleksandra: aleksandra aleksandr alegandra aleksandras aleksandrs alexsandra allesandra
- alcantara: alcantara
- alec: alec alic elec
- alexina: alexina alexanderina alexena alexana alexenia alexzena
- alix: alix elex alixe elix elixia elixa elexis alixis elexious elexia elexus elexius alixandr alixa
- alexa: alexa alexia alexandera alexanderia alexiae
- saunders: saunders sunday saundra saunder sunder sunda sundra sundre
- aleksej: aleksej aleksei aleksi alek aleks aleksis
- aleck: aleck alick allick
- aleksandrovna: aleksandrovna allesandro aleksandro
- santi: santi santura santeri santy santie
- alejandrino: alejandrino alejandrin
- alessio: alessio alesio alesr
- alexandrino: alexandrino alexandrinha alexandrin
- sondra: sondra sondre sindre sindry
- aleksanteri: aleksanteri
- alistair: alistair
- zander: zander seander
- scheindel: scheindel
- alexei: alexei alexej alexandere
- sunderland: sunderland
- oksana: oksana
- sondergaard: sondergaard
- alexandrovna: alexandrovna
- alejandre: alejandre allexandre alixandre alxandre
- alexandros: alexandros
- alejando: alejando alejandria alejanda alejandri
- alaster: alaster alr
- alego: alego alega alegos
- santora: santora
- sender: sender senda
- leszek: leszek
- aleksandar: aleksandar
- xander: xander xandra
- alijo: alijo aljo alojo
- alleck: alleck allec
- sascha: sascha sacha
- shandy: shandy shanda
- zandra: zandra
- allexandrine: allexandrine alxandrine
- olesia: olesia
- elwick: elwick
- alack: alack
- alekso: alekso
- aleksiina: aleksiina
- lexius: lexius
allena
- alene: alene aleen aleene alenia aleena aleana
- ulyana: ulyana uliana ulan ulena ulene
- alleyne: alleyne alyene
- allena: allena
- illena: illena
- yelena: yelena
- eulene: eulene euline eulena
- allina: allina allenna
- ellana: ellana
- aliena: aliena
- olanna: olanna
alred
- alred: alred elred ellred
- aller: aller alar
alyandro
- aleandro: aleandro aljandro alyandro
- alyandra: alyandra
amby
- amb: amb amby amba ambo ambie
anara
- anara: anara anarah anariah
angiolino
- anjelino: anjelino angiolino
- angilo: angilo
ansgarius
- anasaria: anasaria anasario
- ansgarius: ansgarius
apple
- appleby: appleby apple
- apel: apel
- appleyard: appleyard
archel
- hercilia: hercilia hercelia
- arkley: arkley
- archel: archel
- archilla: archilla
- arshel: arshel arshal
arilda
- arild: arild arilda arelda
- urilla: urilla urella
- erilda: erilda urilda aurilda
- eurilda: eurilda
armour
- armour: armour armor armer armar
- ormur: ormur
artis
- ortis: ortis artis artist
- artus: artus artes artois
- artice: artice
ash
- ash: ash ashe
asmus
- asmus: asmus assmus osmus ausmus
athanasios
- athanase: athanase
- athanasio: athanasio athanasius athanasios athanas athanassios athanassio athanatius athanatious
- afanasij: afanasij
- athanagildo: athanagildo
- fanya: fanya
aubierge
- aubierge: aubierge
austis
- austacia: austacia
- austa: austa austasia austice austis austia austiss austic
aw
- yaw: yaw
- aw: aw
azubah
- azubah: azubah azuba azabah asubah azubia azaba azubiah auzubah
- zuba: zuba zuby
- suba: suba subia suby
- asuba: asuba asaba
- azby: azby
bainbridge
- bainbridge: bainbridge bambridge bembridge benbridge
bancroft
- bancroft: bancroft
barney
- barney: barney barnie barny barni
- born: born bourne bourn bornie borne borney
- bjarni: bjarni borni biarni baarni
- birney: birney
- biarne: biarne
- biarna: biarna bjarna
- bardney: bardney
bathilde
- bathilde: bathilde batilde
- bothild: bothild bothildur
- bathilda: bathilda batilda
- bethilda: bethilda betilda
beatman
- bateman: bateman batman beatman
belarmina
- belarmino: belarmino bellarmino bellarmin
- belarmina: belarmina bellarmina belermina
- belorman: belorman
benansia
- benansia: benansia
beriah
- beriah: beriah barah bariah buriah
- bera: bera bura
- byra: byra byre
bethel
- bethel: bethel bethell bethal bethial bethiel
- bethuel: bethuel bethnel betheul
- bothwell: bothwell
- bythel: bythel bythal
- bethula: bethula bethual
- bithel: bithel
- bethewell: bethewell bethewel
bickerstaff
- bickerstaff: bickerstaff biggerstaff
biscoe
- bosco: bosco biscoe boscoe
blaylock
- blalock: blalock blaylock
boaz
- boaz: boaz boas boase booz boes
- baz: baz
bonifacio
- bonifacio: bonifacio vonifacio bonefacio bonafacio benifacio bonfacio bonofacio
- bonifacia: bonifacia vonifacia bonificia bonefacia bonafacia benifacia bonfacia
- bonifasio: bonifasio bonificio vonifasio
- bonifasia: bonifasia bonifaz bonifatius bonifazius bonifazio bonifas bonefaas bonefaes
- boniface: boniface bonifacius bonifacy bonifaci bonifac bonifacii bonefacius bonifaco
- boney: boney boni bonno
botterell
- bottrell: bottrell botterell
boynton
- boynton: boynton ponton pointon poynton
- boyington: boyington
bregje
- bregje: bregje bregtje brechje breghje bregtie bregjen
- brecht: brecht brechte brechtgen
- brechie: brechie breghie
- bregie: bregie
- breckje: breckje brecktje
brogan
- barragan: barragan
- brogan: brogan brogun
brynte
- brinton: brinton brunton
- brynte: brynte
bunell
- bonilla: bonilla
- bonnell: bonnell bunnell bunell bonnel bunnel
- bonel: bonel
bushrod
- bushrod: bushrod
cader
- cater: cater cader cator cador cadar
- kater: kater
calletana
- calletana: calletana calleta
- calatina: calatina
canales
- canales: canales
carabel
- corabelle: corabelle
- corabell: corabell corabel carobel
- carabelle: carabelle carabel
carson
- carson: carson corson carsen corsen
- corsino: corsino corcino
- corsina: corsina corcina
- curzon: curzon curson
- coursen: coursen
- karson: karson
- carshena: carshena
cathane
- cathen: cathen cathain cathane
- caethano: caethano
celerino
- celerino: celerino
- selerino: selerino
chabes
- chabes: chabes
chane
- chen: chen cheney chien chino chian chinn cheny chune chine chena chene chunn chiney chiny chiene
- chan: chan chane chain chainey channe chaine chani
- chaney: chaney chanie chany channie
- chuan: chuan
- cheyne: cheyne cheyenne cheyann
- cheyney: cheyney channey cheeny cheaney cheeney
chavez
- chaves: chaves chavez chavis
chick
- chick: chick
- choque: choque
chona
- chin: chin china chon chona chonita chone
cirino
- cirino: cirino ciriano
- cirina: cirina
- cirenio: cirenio
- sirino: sirino sirineo
- cirineo: cirineo
claude
- claude: claude clude cloude claudes
- claudine: claudine claudin claudinette claudinne claudene claudinete
- claudia: claudia claudiae clodia clodie clode clod
- claudio: claudio claudius clodius klaudius claudious cladius claudias
- claud: claud claudon claudii claudy claudis claudi claudium
- claudina: claudina claudinae
- claudie: claudie claudies
- claudette: claudette claudetta
- claudino: claudino claudiano claudo
- klasina: klasina
- clauda: clauda claudaz
- klavdiya: klavdiya
- cloud: cloud cloudia cloudius
- claudiana: claudiana claudianna
- claudionor: claudionor claudiane
- claudete: claudete claudet
- clydia: clydia
- clida: clida
- klaudine: klaudine klaudia cludia klaudie
- claudemira: claudemira
- claudus: claudus claudeus claudeous
- glaudine: glaudine glaudina
- cladie: cladie cladia clade clady clad clada claddie
- claudemiro: claudemiro
- clatie: clatie
- cladio: cladio clodio
- claudelina: claudelina
- claudell: claudell claudel claudelle
- claudean: claudean claudeen
- cloda: cloda
- claudotte: claudotte claudot
- glodine: glodine
- cluade: cluade clouide
- chloda: chloda
- dinet: dinet
cline
- cleon: cleon clen clean clenn
- cline: cline clin clinie
- klein: klein kline kleijn klin klen
- cleone: cleone clyne clane clayne
- calina: calina caline calline calena calene
- clan: clan clain claine
- caoline: caoline
- calonia: calonia
- clayon: clayon
- clynn: clynn clyn
- cloan: cloan cloene
cobus
- cobus: cobus cobes
- kobus: kobus kobes
collinson
- collingwood: collingwood collinwood
- collinson: collinson
- collison: collison
concurrance
- concurrence: concurrence concurrance
coot
- coot: coot coote coots
corydon
- corydon: corydon coridon corridon corodon coryden coridan carydon
- carden: carden cordon cardon corden coradon
- cardin: cardin cordin
- corrydon: corrydon
cozbi
- cosby: cosby causby
- cosbie: cosbie
- cozbi: cozbi cosbi
cripps
- cripps: cripps
cruikshank
- cruickshank: cruickshank cruikshank crookshank
curusa
- curusa: curusa curuza
- crusa: crusa
dabney
- dabney: dabney dobney
- abney: abney
dameron
- dameron: dameron
- demarion: demarion
dart
- duarte: duarte duard duward
- dardo: dardo dart darth
- douard: douard
dco
- dgo: dgo
- dco: dco
deirdre
- deirdre: deirdre dierdre
- diedre: diedre
delvoir
- delfor: delfor
- delvar: delvar
- delvoir: delvoir
depew
- depew: depew depuy
- dupee: dupee
detroit
- detroit: detroit
dice
- dice: dice dis deis
- doyce: doyce
dilworth
- dilworth: dilworth delworth dellworth
ditlev
- detlef: detlef detlof ditlef detleff dethloff dethlef dethlof ditlof dettloff dettlof dettleff dethleff dettlef ditloff ditleff dietloff detlif dithlef
- detlev: detlev detler
- ditlev: ditlev ditlov ditlew ditlow
- ditlevine: ditlevine
- delf: delf
- detloph: detloph
doe
- doe: doe doo does doa
donna
- donna: donna donnalee
- dona: dona donia donya donea
- doni: doni
- dawna: dawna dauna dauney
- donah: donah donatha
- duna: duna
- donalee: donalee danalee
- donagh: donagh
douthet
- douthit: douthit douthet
drury
- drury: drury drura dreury
- drewry: drewry drewery drewy druey druery druary drewrey
- druie: druie
duifje
- duifje: duifje duijfje
- duifke: duifke
durward
- durward: durward derward
- dorward: dorward darward
eardley
- eardley: eardley eardly
- yardley: yardley yeardley
eddley
- eddley: eddley eddly
eduvige
- eduvige: eduvige eduviga eduvigia eduvigio eduvigue eduvigas
- eduvijes: eduvijes eduvijen eduvejes
- eduvvigis: eduvvigis eduvviges ediviges edoviges
- edubije: edubije edubijes edubigis edubijis eduveges eduvegis
- eduvigen: eduvigen edubigen edubijen
- heduvige: heduvige eduvvige yduvige euduvige
- eduvirgem: eduvirgem
- ydubije: ydubije hedubige
- yduviges: yduviges
- ydubigen: ydubigen
- heduvije: heduvije yduvijen
- heduvigen: heduvigen
egene
- egenio: egenio egene
eizo
- eizo: eizo
- ezoa: ezoa ezoe
eleuterio
- eleuterio: eleuterio eluterio eleoterio elauterio elueterio eleutero electerio euluterio euleuterio eleutorio elusterio eleucterio
- eleuteria: eleuteria eluteria elauteria euleuteria eleutera
- eleutherio: eleutherio eleutheria eleuthere eleuthera
- eleuto: eleuto eleuta
- eleutaria: eleutaria eleutario
elisaeus
- elisaeus: elisaeus
- eliseus: eliseus elisus
- elises: elises
elmeda
- elmeda: elmeda elmedia elmida elemeda
- elmetta: elmetta elmeta
eltham
- elth: elth elthan
- eltham: eltham
emich
- emich: emich
- amick: amick emmick
- emig: emig
endris
- endres: endres endris endriss enderis endrine
entiquio
- entiquio: entiquio
eraclio
- heraclio: heraclio heracleo
- eraclio: eraclio eraclia eracleo
- heraclito: heraclito eraclito
errett
- errett: errett eretta erett erret erretta
- erato: erato
- arat: arat
esmenegildo
- esmenegildo: esmenegildo esmenejildo
- esmenegilda: esmenegilda esmenejilda
estes
- estes: estes estus estis
- estesia: estesia
- eastes: eastes
eudalia
- eutalia: eutalia euthalia
- eudalia: eudalia eudal eude eudalie
eurebio
- eurebio: eurebio
evalee
- evalee: evalee
- eveleigh: eveleigh
- eval: eval evalie
evodia
- evodio: evodio evodia
- evada: evada
ezechias
- ezequias: ezequias ezechias
fajardo
- fajardo: fajardo
farrow
- faria: faria fara faro farah farrah farra
- farrow: farrow furrow
- farrier: farrier
fedencio
- fedencio: fedencio
femmetje
- femmetje: femmetje femmetie femmitje femmetjen
festus
- festus: festus vestus festy festes
finbarr
- finbar: finbar finbarr
fitzwilliam
- fitzwilliam: fitzwilliam
floripes
- floripes: floripes
- floripa: floripa
foon
- fiona: fiona foon fuen
fox
- fox: fox faux foxe
- folke: folke fulke folkes faulke
- focke: focke fouche foelcke
- falk: falk faulk falck falko falkert
- fokko: fokko foulk fulk foulks folk fooks folks fouk fulks
- foulkes: foulkes foulke foolke fowke fowlkes fowlke fowkes fouke
- falco: falco fulco folco fulconis faulcon facco
- foulques: foulques fouques
- vollig: vollig
- volkier: volkier
- faulkiner: faulkiner
frideborg
- frideborg: frideborg
fuensanta
- fuensanta: fuensanta
gad
- gad: gad gade gadd gaddy gat gadi gaudin gaud gada gaudy gawdy
gamewell
- gamewell: gamewell gamwell
garside
- garside: garside gartside
gebhard
- gebhard: gebhard gebhardt gebhardus gebert geverd gebbard gebart gebh
- gebhart: gebhart gaebhart
genisa
- genisa: genisa
gerbrand
- gerbrand: gerbrand garbrand gerbrant garbrant gerbrandt gerrebrand gerrebrant garrabrant garbrandt
- gerbrecht: gerbrecht gerbrechta gerbrech gerbrechtje gerrebrecht
- gerbrig: gerbrig gerbregt gerbreg gerbrigh gerrebreg
- gerber: gerber gerbert gerbrich gerberich gerberig
- gerbrands: gerbrands gerbrandus gerbrants
- gerbrigje: gerbrigje gerbregje
gettrudis
- gettrudis: gettrudis
- getruds: getruds
gijsje
- gijsje: gijsje
giok
- giok: giok
gizzur
- gissur: gissur gizur gizzur
gloe
- gloe: gloe gloy gloye
golig
- golig: golig giolig
gormlaith
- gormley: gormley gormly
- gormlaith: gormlaith
gppe
- gpe: gpe gupe gp gppe gppa
greijtien
- greijtien: greijtien
- greitien: greitien
- grijetgen: grijetgen
gs
- gs: gs
guglielmo
- guglielmo: guglielmo
- guglielmi: guglielmi
- guglielino: guglielino
gundel
- gundel: gundel gundhild
- gandolfo: gandolfo gandolfa
- gundula: gundula
guttorm
- guttorm: guttorm gutorm guthorm guttormur guther guttorn guttor
hadar
- hadar: hadar hader
haley
- haley: haley hally haly
- haralda: haralda heralda
hampshire
- hampshire: hampshire
haring
- haring: haring haringh
harvard
- harvard: harvard harver
- hereford: hereford
- harward: harward herward
- arvard: arvard
haviland
- haviland: haviland havilland haveland
heber
- heber: heber hebert
- eber: eber ebert ebbert eberd ebber ebor eberts
- herbor: herbor
- eubert: eubert
- haber: haber habor
- ivarr: ivarr
helty
- heladia: heladia
- hiltie: hiltie
- heltje: heltje helty
heraclia
- heraclia: heraclia
hesper
- hesper: hesper hesperia
higdon
- higdon: higdon higden
hilmer
- hilmer: hilmer hilmar hillmer
- hilgerus: hilgerus hilgeri hilgero hilgerum hilgert
- hilliger: hilliger heilger hillger
hkan
- khan: khan
- hkon: hkon hkan
holje
- holje: holje holge halje
- hlje: hlje
honywood
- henwood: henwood
- honeywood: honeywood honywood
hospicio
- hospicio: hospicio ospicio
- hospicia: hospicia
- hospecio: hospecio
ht
- ht: ht
hunter
- hunter: hunter hunt hunts
hyman
- hyman: hyman himan
idena
- idena: idena idina idna idana
ilene
- ilene: ilene ileen ilena ilean illene ileene
- ailene: ailene
impje
- impje: impje impie
ingram
- ingram: ingram engram ingrum ingrame ingrami
- ingracia: ingracia
- ingraham: ingraham ingelram inghram ingeram
- ignora: ignora
iredell
- iredell: iredell iradell iredale irdell iradel iredel
isidio
- izidio: izidio isidio isidia
ivadell
- ivadell: ivadell ivadelle
jacob
- jacob: jacob jocob xacoba jaccob jacobb gacoba jacb jocab jocobina jcob jecob joacob jacco kacob
- jakob: jakob jakol jakli
- jacobus: jacobus jakobus jacobis jacobes
- jacques: jacques jaque jacquelina jacquelline jacqz jacqus jacqui jacquema
- jacoba: jacoba jakoba jacobae jacobaea jacobaa jakobaea
- jacobi: jacobi jakobi
- jacobo: jacobo jacova jaco jacopo jacovo
- jacobs: jacobs jacobsz jakobs jaks
- jacobina: jacobina jakobina jacobena
- jakab: jakab jakub jacub jacab jacabo jakuba jacubus jacaba jacuba jacabina
- jacobine: jacobine jakobine jacobbine jocobine
- jacobum: jacobum jakobum
- jaakko: jaakko jaako jacok
- jacobsen: jacobsen jakobsen jacobson
- giacomina: giacomina
- jacobe: jacobe jakobe
- jacobea: jacobea jakobea jacobeae jacobeam
- jacobje: jacobje
- jacoby: jacoby jakoby
- jacobse: jacobse
- iacopo: iacopo
- jackob: jackob jackobina
- jacop: jacop jakop jakup jackop
- jb: jb jk jek
- jacobss: jacobss
- jacobam: jacobam
- jacobia: jacobia jakobia
- jekabs: jekabs
- jokubs: jokubs jekub jocubs jecub jokub
- japik: japik japick
- jokob: jokob jachob jabob yakob jaacob jaakob iacob jekob
- korbinian: korbinian corbinian
- jogli: jogli jaggli joggli jogeli jaegli jaagli jaeggli
- joggi: joggi jaggi jog jagi jogi joglj jaglj
- koo: koo koba koob kobe
- jaepje: jaepje jaepie
- jacoben: jacoben jacobin
- jacobee: jacobee
- jacobz: jacobz
- joka: joka
- jacoff: jacoff jacof
- jacobie: jacobie
- jaquemine: jaquemine
- yacob: yacob yakub yacoub yacub
- yeghia: yeghia
- jeep: jeep jeip
- jacobii: jacobii
- giocoma: giocoma
- jacobos: jacobos
- jocoff: jocoff jocof
- jachet: jachet
- joggeli: joggeli jaggeli
- sjaak: sjaak schak
- jaqua: jaqua jaquis
- jaagup: jaagup
- cobie: cobie coob
- jacobita: jacobita
- jeaque: jeaque
- jagob: jagob
- jacues: jacues jagues
- copa: copa
- jackle: jackle jackli
- coosje: coosje
- jalke: jalke
- jacomia: jacomia
- jaymee: jaymee
- jakoc: jakoc
jannetgen
- jannetjen: jannetjen jannetgen jannetge jantgen
- jannetije: jannetije
jeacques
- jeacques: jeacques jeaques
jenkins
- jenkin: jenkin jenkins jenkinson jenken jenking jenkini jenkine jenkens jankin jeken jenkinge
- jenkyn: jenkyn jenckin
- jinkins: jinkins jinkin junkin jinken
- jonk: jonk
jertru
- jertru: jertru
jhs
- jhs: jhs
joel
- joel: joel joella joell joelle jole joeli joellen joal jol jolle joll joil joela jowell jowel joels joellyn joele
- jeol: jeol
- yoel: yoel
- johiel: johiel johel johial johile
- jaiel: jaiel
joris
- joris: joris jors jores jorus jorise jorisze
- jooris: jooris
jovino
- jovino: jovino joventino joviano jobino
juho
- juho: juho
kader
- katr: katr kader
- kidder: kidder
- kedar: kedar kadar
kay
- kay: kay kai kaye kaja kaia kae kaw kaio kaie
- cai: cai cay caio caius caw cau cae
- ke: ke kei keay kej
- ceu: ceu
- ky: ky
- chay: chay
- cajus: cajus gajus
- schaje: schaje
- kaylynn: kaylynn kaylyn
kendra
- kendrick: kendrick kindred kendra kendrew kendred kendricks kindrid
- kinder: kinder
keturah
- keturah: keturah katurah kitturah kiturah ketturah caturah kuturah
- ketura: ketura katura catura kittura kitura kutura
- ketorah: ketorah keturiah
- kittury: kittury
kimer
- kamer: kamer
- kimer: kimer
kisire
- kisire: kisire kissire
- kizirah: kizirah
knudsen
- knudsen: knudsen
- knudsine: knudsine
kune
- kuno: kuno kune kuen
- kunneke: kunneke
- kunnigje: kunnigje kunnigjen
lael
- lal: lal lael lale lail laleah lall
lamont
- lamont: lamont lamon lamond lamonte lemont lemond lamonde lemonte
- layman: layman leyman
- laymond: laymond limond lomond
- lament: lament lamant
- lamount: lamount
larmon
- larmon: larmon larman
lauritsen
- lauritsen: lauritsen lauridsen
- laritz: laritz
lazaro
- lazaro: lazaro lasaro lazzaro lozaro losaro
- lazara: lazara lasara lazzara lazaras lasaria
- lazarus: lazarus lasarus lazerus laz lazrus lazurus lazarius lazarous lazuras
- lazare: lazare lazarre lasare
- lazar: lazar lazard lasar lazario lazari lazaros lazaris
- lacaro: lacaro
- leiser: leiser laser leeser
- lazarette: lazarette lazareth
- lazarine: lazarine lazarina
- lassaro: lassaro laso
- lesario: lesario
- lizar: lizar
- leazer: leazer
- lasi: lasi
- lzaro: lzaro lzara
lefa
- foy: foy foye foyer
- leva: leva
- leafy: leafy leaf leafa leafie leafe leaffy leaffe leafee
- lefa: lefa leefe lefoy lefy lefee lefey
- leffie: leffie
- levke: levke
lemon
- lemon: lemon leman lemmon lemen lemons lemona lemonia lemmons lemin lammon
- lumina: lumina lumena
- lehman: lehman leamon leaman lehmann lehmon leiman
- leeman: leeman leemon
- lemoyne: lemoyne lamoyne
- lamoine: lamoine lemoine lemoin lamoin
- laman: laman lamen
- lamone: lamone
- lamaun: lamaun lemaun
leser
- lizer: lizer
- leizer: leizer
- lazer: lazer
- lesser: lesser lesher leser
- leasure: leasure
- lasher: lasher
libbens
- lobban: lobban
- libbens: libbens
lillian
- lillian: lillian lilli lill lillan lylian lillien lilllian lillion lilliane lillin lilien lyllian lillen lellian lilean lilion lilliann
- lillie: lillie lilley lille lillean
- lily: lily lilyan
- lilian: lilian liliana liliane lilliana lilianna
- lilly: lilly lillyan lillye
- lila: lila lilan
- leila: leila leilah leilia leilla
- lelia: lelia lelian
- lilla: lilla lillah lillain
- lilia: lilia lilie lili liley lilo lilio
- lillia: lillia lilliam liliam
- leal: leal lellie leala lelie lealia leile lely lelly leil lel leiel leline
- laila: laila lallie lalia lally lalie laly
- lyyli: lyyli lylie lyly
- lilianne: lilianne lillianne
- lelina: lelina
- lellen: lellen
lira
- lira: lira liria lirio
- lirrie: lirrie
llagas
- llagas: llagas
- lagos: lagos lajas
loflin
- loflin: loflin lofland
lorelda
- lorilda: lorilda larilda lorelda larelda laurelda
- lurilda: lurilda
lovetta
- lovett: lovett lovette lovet lovitt lovit loved lovid
- leavitt: leavitt leavett
- lovetta: lovetta loveta lovita
- lovatt: lovatt lovat
lucretia
- lucretia: lucretia lukretia lucritia loucretia lacretia lucretiae lecretia leucretia lucreatia lucratia locretia lucrita luceretia lucrectia lucutia lucrtia lycretia
- lucrecia: lucrecia lucricia
- lucrezia: lucrezia lucrece lucrecy lucrelia lucreita lucreia lucreece
- lucetta: lucetta lucette lucettia luceretta
- lucresia: lucresia lucrecio lucresse lucresio lucresa lucrese lucres lucressia lucresy lucresha lucressa lucresey
- lugrezia: lugrezia
- lucreta: lucreta lucretta lucrettia lucretie lucretius lucretea lucrets lucretin lucretis
- luerecia: luerecia lutrecia
- lukris: lukris lokris
- loucetta: loucetta lycetta
- lucertia: lucertia
- lucris: lucris lucrisa
- loucrecia: loucrecia leucrecia
- lucras: lucras lucratus
- cretta: cretta
- lukresia: lukresia lukrits
- setti: setti
- lucreasy: lucreasy lucreacy lucreasey
- lucrieta: lucrieta
- lucrica: lucrica
- luct: luct
lugo
- lugo: lugo luardo lug luigo lugdo
- leard: leard luard louard
- lard: lard
luttrell
- luttrell: luttrell littrell
- latrell: latrell
lytton
- litton: litton lytton litten
- leaton: leaton leeton
- lighton: lighton
- leton: leton
madison
- madison: madison madsen maddison madson maderson madderson maddeson
- mattison: mattison matson mattson matison mattinson
- matheson: matheson matteson madeson
- mathieson: mathieson
- medicine: medicine
- mathewson: mathewson
- mathisen: mathisen mathison
- matzon: matzon
- mathiason: mathiason
maijke
- maaike: maaike maaijke maaijken
- maijke: maijke maijken maeijken majken maeijke maeyken maayke maaka maeyke meyke maayken majke
- maike: maike maeike maeiken
- mayken: mayken maeke mayka
- maika: maika maicke maicken
- maik: maik maichje
- maijcke: maijcke maijcken maeijcke maeijcken
- maycke: maycke
- maijgje: maijgje maaijgje maijtje
mamerto
- mamerto: mamerto mamerta mamert mamet
manta
- manta: manta mantie mant mantha mantje manti
- menta: menta mentie
- munthe: munthe
- mando: mando
- mentha: mentha menty
- mayant: mayant
marina
- marina: marina merina marinah myrina
- marine: marine morine
- marinka: marinka
- marinho: marinho marinha
- maryna: maryna mariena
- marena: marena marenia
- marini: marini marinna marain maroin
- morena: morena morina morino
- mereana: mereana merehana
- marrin: marrin
- marana: marana maranna morana merana maranah murana
- mariona: mariona
- myrene: myrene merena mirena merene
- merran: merran merania marania
- mareno: mareno
- meren: meren
- marimo: marimo
- marrina: marrina almarina
- marijntje: marijntje
- almarene: almarene almarena
- myrnia: myrnia
marvella
- marvel: marvel marvella marvell marvelle marval morvel
- marybelle: marybelle marybell marybel
- marzella: marzella
- merville: merville mervil marvilla marvil marville marvill mervilla
- maravillas: maravillas
- mervel: mervel murvel
- marwell: marwell
matisa
- matiaz: matiaz
- mateasa: mateasa matisa
- matisha: matisha
maywood
- maywood: maywood
mcintosh
- mcintosh: mcintosh macintosh mackintosh
- mcintyre: mcintyre
medad
- medad: medad midad
melcena
- melcena: melcena melcenia malcena
- melson: melson melsen melsena melissente
- melcina: melcina melzena malzena malcina
- melzina: melzina melsina
- melcinia: melcinia
menelaos
- menelaos: menelaos
merlin
- merlin: merlin murlin myrlin
- merlyn: merlyn merlynn murlyn
- maryland: maryland merland murland myrland
- merlene: merlene
- merline: merline murline myrline
- murlene: murlene myrlene myrleen
- merlon: merlon merlan
- merlen: merlen merleen
- merlina: merlina
- morlin: morlin
- murlen: murlen myrlen myrlan
mgr
- mgr: mgr
milam
- milam: milam milum milham
- milliam: milliam miliam
- mallam: mallam
mindel
- mindel: mindel mindla
- mintje: mintje
mj
- mj: mj
montague
- montague: montague montagu montaque montegue montigue mountague monticue
- montacute: montacute
morman
- merriman: merriman merryman
- moorman: moorman
- morman: morman mormon marmon
- merman: merman
mozelle
- mozelle: mozelle mozell mazel mazelle mozel mazell mazle
- moselle: moselle mosella mosell mosel
- mozella: mozella mazella mizella
- mizael: mizael
- maysel: maysel maysell
- mazilla: mazilla
- moiselle: moiselle
- mocella: mocella
muss
- moss: moss
- muse: muse muus mus muss muijs muis muos
- moussa: moussa
nair
- nair: nair
- nar: nar
- nahyr: nahyr
nason
- nason: nason nassan naasson naason
- nison: nison nissan nisan
neff
- neff: neff nefi nf
nerius
- nereus: nereus nerius nerias
newman
- newman: newman neuman neumann numan nyman niman
- naaman: naaman namon naman naamon nahman
- newnam: newnam
nicomedes
- nicomedes: nicomedes nicomedis nicomedez nicomede nicomeda nicomedia nicomedo
- nicodemus: nicodemus nichodemus nicodemas nickodemus
- nicodemo: nicodemo nicod
- nicudemus: nicudemus nicudemos
- necomedes: necomedes
nissen
- nissen: nissen nishan nussen
- nissim: nissim
nonda
- nonato: nonato nonata nonnato
- nondus: nondus nonda
noyes
- noyes: noyes noyce noise noyse nois noys
obera
- ober: ober obera oberia obery
odilon
- odilon: odilon odelon odlin odiln
- odilona: odilona
oh
- oh: oh
olga
- olga: olga olgar olge ulga olaga
- olegaria: olegaria
- olka: olka
- olgie: olgie
ona
- ona: ona onna onas onah onea oona oena oana
- una: una unni und une unie unna uni unia unah uny unnie uney unj
- onnie: onnie onia ony oni onny
- yona: yona
- onnolee: onnolee
orange
- orange: orange orrange orenge
ormond
- ormond: ormond orman ormand ormon ormund ormando oramon
- tormund: tormund thormund tormond
oses
- oses: oses
ottiwell
- ottiwell: ottiwell otwell ottewell ottwell ottowell otiwell otewell
- ottual: ottual
oxley
- oxley: oxley exley loxley
paiva
- paiva: paiva
pantha
- panthea: panthea pantha panthia
parthena
- parthenia: parthenia parthena parthina perthena perthenia partheny parthinia parthene part partha porthenia porthena parthine parthema perthina parthemia parthenea parthia partheney perthema
- parthania: parthania pertina parthana partina perthana partenia parthonia
- paratine: paratine
- purthenia: purthenia
- pearthenia: pearthenia
patton
- patton: patton paton patten paten patent patin
- peton: peton petten
ped
- ped: ped pedo
- pd: pd
pennock
- pennock: pennock penick pinnock
perina
- peronne: peronne perinne perrinne pierronne pierrone
- perina: perina perena parina parena
- piron: piron
- perona: perona
- pering: pering
- perrina: perrina
- pyrena: pyrena pyrene pyrenia
- pirena: pirena pirene
- pherina: pherina
peyton
- peyton: peyton payton payten
philura
- philura: philura philury
- philora: philora
- phillury: phillury
pilar
- pilar: pilar pilara pelar pillar pilr
plantaganet
- plant: plant plantagenet
- plantaganet: plantaganet
polaski
- pulaski: pulaski polaski palaski
- pilas: pilas
porfino
- porfino: porfino porfinia porfinio
preben
- preben: preben praben
pritchard
- prichard: prichard pritchard prichd
- pritchett: pritchett prichett pritchet
ptronille
- ptronille: ptronille
quaid
- quade: quade quaid
race
- race: race rase
- rayes: rayes
ramosa
- ramosa: ramosa ramusa ramoz
rauha
- rauha: rauha raha
redfern
- redvers: redvers
- redford: redford
- redfern: redfern redfearn
reinoud
- reint: reint
- ryno: ryno
- reinoud: reinoud
renato
- renato: renato renatus renaat renati
- renardus: renardus
- reynato: reynato
- reneer: reneer
revd
- revd: revd
ridge
- ridge: ridge ridgely ridgley ridgeley
- redge: redge
rinne
- rinne: rinne rinear
roark
- roark: roark rorick rorik
rojas
- rojas: rojas
rosabelle
- rosalba: rosalba rosealba
- rosabelle: rosabelle rosebelle roseabelle
- rosabel: rosabel rosabell rosebell
- rosabella: rosabella rosebella
- rosaville: rosaville
rowena
- rowena: rowena rovena rowene rowina rovene rovenia rovine rowine
- ruan: ruan ruina ruvina ruvinia ruhene
- roena: roena roana roene roenna roina roine roenia
- rona: rona ronna
- roan: roan roann royann
- rhona: rhona rhoana rhoanna
- roanna: roanna rowana rowenna rohanna rowanna rohana roannah rouena roeanna rowennah
- rovina: rovina revina ravina
- rhoena: rhoena rohena
- ravena: ravena revena ravenna
- rauna: rauna rawn
- roween: roween rowann rowane
- roaney: roaney roeny
- rivannah: rivannah
- rhuana: rhuana
ruliff
- ruloff: ruloff ruliff rulif ruluff ruluf ruleff
ruurtje
- ruurdtje: ruurdtje ruurdje ruurtje
sagrado
- sagrado: sagrado sagrada sagrados lagrado sagrdo
sample
- sample: sample samples
- semple: semple
saraiva
- saraiva: saraiva
saverio
- severo: severo cevero severio
- saverio: saverio saveria savory savery savario savaria savary savera savero saver savira
- sayer: sayer sayers saier
- syer: syer
- sevaro: sevaro
scholastique
- scholastique: scholastique scolastique
- scholastica: scholastica scholastika scholastyka skolastika scholast scholasticae scholastic scholasticka skolastica
- scolastica: scolastica colastica
- schol: schol
- cholastique: cholastique
- scholastina: scholastina
sears
- sears: sears syers seers
- searcy: searcy sejer sear seyer seir sejr seer seare
- seier: seier
- sier: sier
- saer: saer
seiko
- eiko: eiko seiko
- sieka: sieka cieke
senora
- senor: senor seiner
- senora: senora senoria cenora sinora senorah cenoria
- senorina: senorina cenorina
- cenira: cenira
- sanra: sanra sanora
- zenora: zenora
- sedora: sedora
- zenorina: zenorina
- cener: cener
setrak
- setrak: setrak
shanner
- shiner: shiner shanner
sherman
- sherman: sherman sharman shearman shermon shurman sharma sherm sharmon
- sherma: sherma
- surman: surman
- sermon: sermon
shriver
- shriver: shriver
- schriver: schriver
sieuwtje
- sieuwke: sieuwke
- seitje: seitje seytje
- sieuwtje: sieuwtje
sila
- sil: sil sila sill sile silah
- scilla: scilla
- cyle: cyle
- zial: zial
sinforosa
- sinforosa: sinforosa simforosa simphorosa sinphorosa cinforosa sinforasa
- sinforoso: sinforoso sinforoza sinforozo simforoso
- sinforiano: sinforiano sinforeano
- sinforiana: sinforiana simforiana
- symphorienne: symphorienne
- simporosa: simporosa
- sinfrosa: sinfrosa sinfroso
- sinforeana: sinforeana
- symphorose: symphorose
- simforiano: simforiano
- simfrosa: simfrosa simfroso
sjoerdtje
- sjoerdtje: sjoerdtje sjoerdje sjoertje sjurtje
slocum
- slocum: slocum
- slocombe: slocombe
society
- society: society
sonora
- sonora: sonora
- snorri: snorri snorre snorra
- sonorah: sonorah
sp
- sp: sp
sproul
- sproul: sproul spruell
stansbury
- stansbury: stansbury stanbury stansberry stanberry
stephen
- istvan: istvan estavan esthevan estivan esttevan eztevan
- stephanus: stephanus stephan stephani stephano stephania stephane stephana stephanum stephany stephans stephann stephanis stephannus stephanos stephanius stephanes stephanns stephanas stephannes
- stephen: stephen steph stepan stephens stepha step stephn steephen stepn stephus stepney stephina stephin stepen stephi stephine stephon stephenus stephe steaphen stephnus staphen stephena stepheni stphen steuben stepp stephney stepehn stiphen sthephen stepheny stehen stephne stepehen stuben stpehen stehpen steohen stephenas stp
- esteban: esteban estaban estiban estteban ezteban estban estoban
- estevan: estevan estvan esteven estevenon
- etienne: etienne etiene ettienne ethienne etien ettiene eteinne eitenne
- steven: steven stevens steventon
- stefan: stefan steffen steffan stefana stefanie stef stefen stefani stefa steffens stefo steffine steff steffie steffani stefanja stefane steffe stefaan stefanis stefon steffin steffann
- steve: steve stevan steva stevie stevin steban stevo steave steeve stev stevyn stean stevanus stee stevon stewen stevi
- stefano: stefano estefano steffano stefanos
- stephanie: stephanie stephenie stephie
- staffan: staffan staffen staeffen staffans staeffan
- stevenson: stevenson stephenson stephensen stephson
- estevao: estevao esteve estevam esteves estevn estev estevo
- stefanus: stefanus stepanus steffanus
- stjepan: stjepan stipan stiepan
- szczepan: szczepan
- staphan: staphan staphanus steaphan
- steeven: steeven steaven stiven steevens stovin steiven
- steuen: steuen steeuen steauen stuen
- esteba: esteba estebn esteben estebam estebe estebon
- tapani: tapani
- tahvo: tahvo
- esteuan: esteuan
- sephen: sephen sephan
- estheban: estheban hesteban
- steyn: steyn stephyn
- stafan: stafan staf stepfan stafano
- estephano: estephano
- istuan: istuan
- steponas: steponas
- stebbing: stebbing
- etten: etten hetten
- estepana: estepana
- etting: etting
- heton: heton
- sophonius: sophonius
- stphanie: stphanie
stoker
- stoker: stoker stocker staker
stylianos
- stylianos: stylianos stilianos
- stelios: stelios
sussman
- sussman: sussman
- sassaman: sassaman
sweetland
- scotland: scotland sweetland swetland
ta
- ta: ta tah tau tia tta
talmage
- talmadge: talmadge talmage tallmadge
- talma: talma
- tollemache: tollemache
tarje
- tarjer: tarjer tarje targje
- terje: terje tergie
- taras: taras
teadore
- teadore: teadore
tennessee
- tennessee: tennessee tennesse tennesee tenessee tennissee tennessie tenisee tenneessee tennysee
- tennys: tennys
texas
- texas: texas texa
theoderick
- theodrick: theodrick theodric theoderick theoderic
- tederico: tederico
thorine
- thrine: thrine thrina
- thorine: thorine torine thodorine
- thorne: thorne thorunn thorn thorun thoren thorny thorunar thorunnar
- tormo: tormo tormoe thormo
- therina: therina therena threna
tiaerd
- tier: tier
- tiaerd: tiaerd tieert
tilton
- tilton: tilton
- talton: talton
tivadar
- tivadar: tivadar
toebke
- tobke: tobke toebke
- toebe: toebe
torcoroma
- torcoroma: torcoroma
town
- towne: towne town towns townend
- towner: towner
- townes: townes
trevanion
- trevino: trevino trevanion trevenen
truelove
- truelove: truelove trulove
tulip
- tulip: tulip
tyson
- tyson: tyson tison tysen
uler
- euler: euler
- eular: eular ular uler ulery
unity
- unity: unity unita unetta unite uneta eunity unett unettie
ursula
- ursula: ursula ursulae ursola ursel ursus ursala ursulam ursilla ursela ursa ursla ursila ursley ursella urusla urso urschla ursal ursua ursell ursi ursulah ursolo ursual ursely ursie urseley ursele ursly ursilia urseline urssel urshel ursular ursulay urseli ursuala urssla urschel ursle ursaley urss ursalla ursey urselle ursale urson ursalae ursille urselah urseltje urs
- orzse: orzse orse orser
- ursule: ursule ursulo ursulla ursulle ursul ursuline ursulen ursuley ursulia ursulita ursuly ursuls
- orsola: orsola orsolina orsala
- vrsula: vrsula urzula urszula hursula urcula orsula vrzula urssula ersula arsula vrsulae urschula usula arzula urshula urusula vursula vrsulay uraula versula eursula erzula
- ercilia: ercilia ersilia ersa ersie ercie ercila ercilla ersilla erzel
- ursulina: ursulina ursolina urselina urzina ursalina
- ursulino: ursulino urzino urzulino
- urzulo: urzulo vrsulo
- vrsola: vrsola vrsala
- usley: usley usilla uzella ussala usly ussilah uzilla ucilla ussela usala usla usaly ussly
- hersilia: hersilia
- ercelle: ercelle
- ours: ours
- vrsel: vrsel vrseley vrsela vrsely vrsella
- urcilla: urcilla urcella urcela urula
- worssila: worssila worsila vrsila
- hersilie: hersilie
- orsilla: orsilla orsill orsla orsila
- earsie: earsie
- orsel: orsel orselina arsella orselia orzella orzelia orsella
- vrsley: vrsley vrsly orsally
- vrsilla: vrsilla aarsilla
- thuring: thuring
- vrsule: vrsule hursule
- durss: durss duri durig
- vrcina: vrcina
- arsilla: arsilla arsulla
- uschi: uschi
- ouseley: ouseley
- urcinia: urcinia
- thuering: thuering
- oscilla: oscilla oscha
- oerzse: oerzse
- arshalous: arshalous
- uorschla: uorschla
- durisch: durisch
- esula: esula
valdemar
- valdemar: valdemar waldemar waldermar waldmar valdmar valdermar waldamar valdamar
- waldina: waldina valdina
- valdimar: valdimar
- veldon: veldon velden velde
- valdine: valdine valden valdon valdene
- waldemir: waldemir waldemer
- wolmar: wolmar wolmer wollemar
- wallemar: wallemar
- valmar: valmar
- valdean: valdean
- woolmer: woolmer
vandyke
- vandyke: vandyke
vd
- vda: vda vd
ventura
- bentura: bentura
- ventura: ventura venturo venturina venter venture venturada ventur venturia
- vinter: vinter
vero
- vero: vero verro
- verisimo: verisimo
- virau: virau
- varro: varro
- wero: wero
vida
- vita: vita veta vietta vetta vitta vieta
- vida: vida vit vid vido vidad vide vidie vidah
- vada: vada vaudie vauda vata
- veda: veda vedia vedie vede
- witte: witte witta wita wida
- veida: veida
- vette: vette
vinther
- vinther: vinther
vittoria
- vittoria: vittoria veturia vituria
vrerick
- vrerick: vrerick vrerik
waldron
- waldron: waldron waldren waldram
- wildred: wildred
warfield
- warfield: warfield
wayburn
- wayburn: wayburn weyburn
wells
- wells: wells welles well wellis wels
- willes: willes willas
- wyllys: wyllys
- wyllis: wyllis
wh
- we: we ww
- wh: wh whh
wibbe
- wiebe: wiebe wijbe wibbe wibe wijbbe wibbo wiebo wijbo wibo
- wippert: wippert wipert
- weiprecht: weiprecht
- wijpko: wijpko
wijmke
- wimke: wimke wemke wijmke
- weim: weim
- wemmigje: wemmigje
willetta
- willet: willet willett willette willets willetts
- willetta: willetta wiletta willeta
- wilts: wilts willits willit williet
- willietta: willietta
- wilhite: wilhite
- willitt: willitt willott
- waylett: waylett
wingate
- wingate: wingate winget
wmb
- wmp: wmp wmb
woodfin
- woodfin: woodfin
worthy
- worth: worth worthy wirth warth
- worthey: worthey wortha
- werth: werth
- worthie: worthie
wyndham
- wyndham: wyndham wyndam
- windham: windham windom winham
yadwiga
- yadwiga: yadwiga
yeoman
- yeoman: yeoman yeomans
- yeaman: yeaman yeamans
you
- you: you yoo
yuma
- yum: yum yuma yoma
zapopan
- zapopan: zapopan zapopa
zenith
- zenith: zenith zenneth
zlate
- zlate: zlate
zwaantje
- zwaantje: zwaantje swaantje swaentje zwaantien swaentien zwaantjen schwantje swaentjen swaantjen swaantien zwantje
- swaantie: swaantie swaentie zwaantie swantie
- zwenne: zwenne zwenneken
- swana: swana
- swanida: swanida