Experiment: single-0.6-none
sub-buckets=12350
aa
 - aa: aa
abednego
 - abednego: abednego abdenago abednigo abednago bendigo abendigo abendego obednego
accursia
 - accursia: accursia accursio
adam
 - adam: adam adamus adami adams adamo adan adao adamum adame addam adamina adamy adamss adamine adomas adoms adem adamis adanto adma adom adamacio adm addams adames adamas adamm adnet adamii addame
 - aidan: aidan aatu aadam
 - aatami: aatami
 - dahm: dahm
 - edem: edem edam
 - atam: atam
ado
 - ado: ado addo
affred
 - affred: affred
aguero
 - aguero: aguero
ailsa
 - alisa: alisa ailce alsa ailsa ailse alissa ailsie ailsy alsia
alastair
 - alastair: alastair alasdair
alexander
 - alexander: alexander sandor alejandro alexandre alex alejandra alexr alexandra alexis alexandro sandra alexandrine alexandrina alexo alessandro aleja alejandrina aleksandra sandy aleksandr alec alexius sanders aleksander alexina alix alexandria alexa allexander saunders sander alexey alessandra aleksej alejos aleck aleksandrovna santi alejandrino alexand alessio alick alexandri alic allexr alexos alexandrino aleixo alexandr alesandro sunday alexia alegandro sands alegandra sondra sandro aleksanteri elexander alessandrina alexine sand alixander alaxander saundra alexanderina alexi zander aleix alexsander alesio elex alixe alexie sandrina aleksei alxr sondre alexan alexandru allex sandi sanda alexandar alexei sunderland elix aleksi oksana sondergaard alek alexandrovna sandie alejandre alexandros alx alexdr aleksandras alejando alexii alaster alesander alego santora allexandre alexanda alijandro sender alexdro alezander alexy alexio alexios alejandria alexandrum alexande alxander elec sandrine allesandro sandys saunder aleksandrs alexd alax alexender allessandro allexis aleksandar elixia sande allick alexando sanderina sando alexena xander alamander alexej aleander alexus alexader alexer alexsandra alexandrea elixa alijo alexandrinha allixander santura alexandera alixandrina sunder alexn alexe aexander alleck allexsander alexandrus alexandrew alexanderine aleks allxr alexendre alesr elaxander sascha alexes alefandro alexanderia elexis alejanda santeri alexnder alexro alexandrie shandy sandert alexandor alexanders alixsander senda sandre alixandre elixander alexice alexder zandra alisandro alega alr aleksis sacha alexandrin sunda alexix alexaner allexandrine alexzander sandry sandes sandorne alixis allec alajandra sindre alexandia santy alexas alegos santie elax sandia shanda alexandine alexana allexand sundra elexious elexia alexious aljo alexenia alenander sandee alexs sandar alaxender elexandra alexnader alcander alexamder alack seander sandria allexandr alexzena sannes alexandere allesandra alekso sanderijntje aleixandrina alexcander alixandra alescander allessandra alexendra aleseander alexar alecander elexus sundre elexius ellexander alexsis alixandr alexene alexandeer aleksiina alexcis aleksandro sandrijntje alixa alexandrius lexius lexander alxandre alojo aleaxander xandra sandrijna sindry alexiae elleander alejandrin alejandri alxandrine
 - alcantara: alcantara
 - alistair: alistair
 - scheindel: scheindel
 - leszek: leszek
 - olesia: olesia
 - elwick: elwick
allena
 - alene: alene ulyana alleyne aleen allena uliana aleene allina alyene alenia ellana ulan aliena aleena aleana olanna ulena ulene allenna
 - illena: illena eulene euline eulena
 - yelena: yelena
alred
 - alred: alred aller elred alar ellred
alyandro
 - aleandro: aleandro aljandro alyandro
 - alyandra: alyandra
amby
 - amb: amb amby amba ambo ambie
anara
 - anara: anara anarah anariah
angiolino
 - anjelino: anjelino angiolino angilo
ansgarius
 - anasaria: anasaria anasario
 - ansgarius: ansgarius
apple
 - appleby: appleby apple apel appleyard
archel
 - hercilia: hercilia hercelia
 - arkley: arkley
 - archel: archel archilla arshel arshal
arilda
 - arild: arild urilla arilda erilda urilda urella aurilda eurilda arelda
armour
 - armour: armour armor armer ormur armar
artis
 - ortis: ortis artis artus artist artice artes artois
ash
 - ash: ash ashe
asmus
 - asmus: asmus assmus osmus ausmus
athanasios
 - athanase: athanase athanasio athanasius athanasios athanas athanagildo athanassios athanassio athanatius athanatious
 - afanasij: afanasij
 - fanya: fanya
aubierge
 - aubierge: aubierge
austis
 - austacia: austacia austa austasia austice austis austia austiss austic
aw
 - yaw: yaw
 - aw: aw
azubah
 - azubah: azubah azuba zuba suba subia azabah zuby asubah asuba azubia asaba azaba suby azby azubiah auzubah
bainbridge
 - bainbridge: bainbridge bambridge bembridge benbridge
bancroft
 - bancroft: bancroft
barney
 - barney: barney born bjarni bourne barnie barny birney borni biarni baarni biarne bourn biarna bornie borne barni borney bjarna bardney
bathilde
 - bathilde: bathilde batilde bothild bathilda batilda bethilda bothildur betilda
beatman
 - bateman: bateman batman beatman
belarmina
 - belarmino: belarmino belarmina bellarmina bellarmino belermina bellarmin
 - belorman: belorman
benansia
 - benansia: benansia
beriah
 - beriah: beriah bera bura byra barah bariah byre buriah
bethel
 - bethel: bethel bethuel bethell bethal bythel bethula bethnel bethial bithel bythal betheul bethual bethiel bethewell bethewel
 - bothwell: bothwell
bickerstaff
 - bickerstaff: bickerstaff biggerstaff
biscoe
 - bosco: bosco biscoe boscoe
blaylock
 - blalock: blalock blaylock
boaz
 - boaz: boaz boas baz boase booz boes
bonifacio
 - bonifacio: bonifacio bonifacia bonifasio bonifasia boniface bonifacius bonifaz vonifacio vonifacia boney bonifatius bonifazius bonefacio boni bonifazio bonificia bonefacia bonafacio bonifacy benifacio bonifaci bonafacia bonfacio bonificio bonno bonifac benifacia bonfacia bonifacii bonefacius vonifasio bonifas bonifaco bonofacio bonefaas bonefaes
botterell
 - bottrell: bottrell botterell
boynton
 - boynton: boynton ponton pointon poynton
 - boyington: boyington
bregje
 - bregje: bregje bregtje brecht brechie brechje breghie brechte bregie breghje bregtie bregjen brechtgen breckje brecktje
brogan
 - barragan: barragan
 - brogan: brogan brogun
brynte
 - brinton: brinton brunton
 - brynte: brynte
bunell
 - bonilla: bonilla bonnell bunnell bunell bonnel bunnel bonel
bushrod
 - bushrod: bushrod
cader
 - cater: cater cader cator cador cadar
 - kater: kater
calletana
 - calletana: calletana calleta
 - calatina: calatina
canales
 - canales: canales
carabel
 - corabelle: corabelle corabell corabel carabelle carabel carobel
carson
 - carson: carson corson curzon carsen curson corsen coursen karson
 - corsino: corsino corcino corsina corcina
 - carshena: carshena
cathane
 - cathen: cathen cathain cathane
 - caethano: caethano
celerino
 - celerino: celerino
 - selerino: selerino
chabes
 - chabes: chabes
chane
 - chen: chen chan chaney chuan cheney chane chanie chany chien chino cheyne cheyenne channie chian chinn cheyney chain cheny channey chainey chune chine chena chene channe cheeny chunn chaine chani chiney chiny cheaney chiene cheeney cheyann
chavez
 - chaves: chaves chavez chavis
chick
 - chick: chick choque
chona
 - chin: chin china chon chona chonita chone
cirino
 - cirino: cirino cirina ciriano cirenio sirino sirineo cirineo
claude
 - claude: claude claudine claudia claudio claud claudina claudius claudie claudette claudino klasina clauda claudon claudii cloud claudy claudin claudiana claudinette claudionor claudiae claudis claudiano claudaz claudete claudi clydia clodia claudinne clodius clida klaudine claudemira klaudia claudus claudene glaudine glaudina cladie clatie klaudius cladio claudelina claudinae claudianna claudell claudious cladia clodie claudean claudium claudo cladius claudiane cloda claudotte clade clady claudias clode claudel clod clad cludia clude glodine claudinete claudeen claudot cloude claudet clodio claudes clada claudeus claudelle claudetta claddie cluade klaudie claudies cloudia claudeous cloudius chloda dinet clouide
 - klavdiya: klavdiya
 - claudemiro: claudemiro
cline
 - cleon: cleon klein cleone kline calina caline calline clan clyne clen clain caoline calena kleijn klin clean clane calonia claine clenn clayne klen calene clayon clynn clyn cloan cloene
 - cline: cline clin clinie
cobus
 - cobus: cobus kobus cobes kobes
collinson
 - collingwood: collingwood collinson collison collinwood
concurrance
 - concurrence: concurrence concurrance
coot
 - coot: coot coote coots
corydon
 - corydon: corydon carden cordon cardon cardin corden coridon corridon corodon coryden cordin corrydon coridan coradon carydon
cozbi
 - cosby: cosby causby cosbie cozbi cosbi
cripps
 - cripps: cripps
cruikshank
 - cruickshank: cruickshank cruikshank crookshank
curusa
 - curusa: curusa curuza
 - crusa: crusa
dabney
 - dabney: dabney abney dobney
dameron
 - dameron: dameron
 - demarion: demarion
dart
 - duarte: duarte duard duward
 - dardo: dardo dart darth
 - douard: douard
dco
 - dgo: dgo dco
deirdre
 - deirdre: deirdre diedre dierdre
delvoir
 - delfor: delfor delvar delvoir
depew
 - depew: depew depuy dupee
detroit
 - detroit: detroit
dice
 - dice: dice dis deis
 - doyce: doyce
dilworth
 - dilworth: dilworth delworth dellworth
ditlev
 - detlef: detlef detlev ditlev detlof ditlef detleff dethloff dethlef ditlov dethlof ditlof dettloff ditlevine dettlof delf ditlew detler dettleff dethleff dettlef ditloff ditlow ditleff dietloff detlif dithlef detloph
doe
 - doe: doe doo does doa
donna
 - donna: donna dona donia doni donah donalee donnalee donatha donya donagh donea danalee
 - dawna: dawna duna dauna dauney
douthet
 - douthit: douthit douthet
drury
 - drury: drury drewry drewery drewy druey druie druery drura druary drewrey dreury
duifje
 - duifje: duifje duijfje duifke
durward
 - durward: durward derward dorward darward
eardley
 - eardley: eardley eardly
 - yardley: yardley yeardley
eddley
 - eddley: eddley eddly
eduvige
 - eduvige: eduvige eduvijes eduvvigis edubije eduvigen edubijes eduvviges edubigen heduvige edubigis edubijen eduvijen eduviga eduvvige eduvirgem edubijis eduvigia ydubije eduvigio yduvige yduviges ediviges hedubige ydubigen euduvige eduvejes edoviges eduvigue eduveges eduvigas eduvegis heduvigen
 - heduvije: heduvije yduvijen
egene
 - egenio: egenio egene
eizo
 - eizo: eizo
 - ezoa: ezoa ezoe
eleuterio
 - eleuterio: eleuterio eleuteria eluterio eluteria eleoterio elauterio eleutherio elueterio eleutheria elauteria eleuto eleuthere eleuta eleutero electerio euluterio euleuterio eleutaria euleuteria eleutario eleutorio eleutera elusterio eleucterio eleuthera
elisaeus
 - elisaeus: elisaeus eliseus elises elisus
elmeda
 - elmeda: elmeda elmetta elmeta elmedia elmida elemeda
eltham
 - elth: elth eltham elthan
emich
 - emich: emich emig
 - amick: amick emmick
endris
 - endres: endres endris endriss enderis endrine
entiquio
 - entiquio: entiquio
eraclio
 - heraclio: heraclio eraclio eraclia heraclito heracleo eracleo eraclito
errett
 - errett: errett eretta erett erret erretta
 - erato: erato
 - arat: arat
esmenegildo
 - esmenegildo: esmenegildo esmenegilda esmenejildo esmenejilda
estes
 - estes: estes estus estis estesia eastes
eudalia
 - eutalia: eutalia eudalia eudal euthalia eude eudalie
eurebio
 - eurebio: eurebio
evalee
 - evalee: evalee eval evalie
 - eveleigh: eveleigh
evodia
 - evodio: evodio evodia
 - evada: evada
ezechias
 - ezequias: ezequias ezechias
fajardo
 - fajardo: fajardo
farrow
 - faria: faria farrow fara faro farah farrah farra farrier furrow
fedencio
 - fedencio: fedencio
femmetje
 - femmetje: femmetje femmetie femmitje femmetjen
festus
 - festus: festus vestus festy festes
finbarr
 - finbar: finbar finbarr
fitzwilliam
 - fitzwilliam: fitzwilliam
floripes
 - floripes: floripes floripa
foon
 - fiona: fiona foon fuen
fox
 - fox: fox folke focke falk fokko foulkes foulk fulke fulk foulke falco foulks foolke folk faulk foulques falck fouche fulco fowke fooks folkes folks fowlkes fowlke fowkes faux fouke folco fulconis falko foxe fouk faulcon faulke foelcke fulks volkier falkert facco fouques faulkiner
 - vollig: vollig
frideborg
 - frideborg: frideborg
fuensanta
 - fuensanta: fuensanta
gad
 - gad: gad gade gadd gaddy gat gadi gaudin gaud gada gaudy gawdy
gamewell
 - gamewell: gamewell gamwell
garside
 - garside: garside gartside
gebhard
 - gebhard: gebhard gebhart gebhardt gebhardus gebert geverd gebbard gebart gebh gaebhart
genisa
 - genisa: genisa
gerbrand
 - gerbrand: gerbrand gerbrecht gerbrig gerber garbrand gerbert gerbrant garbrant gerbrich gerbrands gerbregt gerbrandus gerbrigje gerbrandt gerberich gerrebrand gerbreg gerbrechta gerrebrant gerbrech garrabrant gerbregje gerbrants gerberig gerbrigh garbrandt gerbrechtje gerrebrecht gerrebreg
gettrudis
 - gettrudis: gettrudis getruds
gijsje
 - gijsje: gijsje
giok
 - giok: giok
gizzur
 - gissur: gissur gizur gizzur
gloe
 - gloe: gloe gloy gloye
golig
 - golig: golig giolig
gormlaith
 - gormley: gormley gormly gormlaith
gppe
 - gpe: gpe gupe gp gppe gppa
greijtien
 - greijtien: greijtien greitien
 - grijetgen: grijetgen
gs
 - gs: gs
guglielmo
 - guglielmo: guglielmo guglielino
 - guglielmi: guglielmi
gundel
 - gundel: gundel gundhild gundula
 - gandolfo: gandolfo gandolfa
guttorm
 - guttorm: guttorm gutorm guthorm guttormur guther guttorn guttor
hadar
 - hadar: hadar hader
haley
 - haley: haley hally haly
 - haralda: haralda heralda
hampshire
 - hampshire: hampshire
haring
 - haring: haring haringh
harvard
 - harvard: harvard hereford harward harver herward
 - arvard: arvard
haviland
 - haviland: haviland havilland haveland
heber
 - heber: heber eber ebert hebert herbor ebbert eberd eubert haber ebber ebor habor eberts
 - ivarr: ivarr
helty
 - heladia: heladia hiltie heltje helty
heraclia
 - heraclia: heraclia
hesper
 - hesper: hesper hesperia
higdon
 - higdon: higdon higden
hilmer
 - hilmer: hilmer hilmar hilgerus hilgeri hilgero hillmer hilgerum hilgert hilliger heilger hillger
hkan
 - khan: khan
 - hkon: hkon hkan
holje
 - holje: holje holge halje
 - hlje: hlje
honywood
 - henwood: henwood honeywood honywood
hospicio
 - hospicio: hospicio hospicia ospicio hospecio
ht
 - ht: ht
hunter
 - hunter: hunter hunt hunts
hyman
 - hyman: hyman himan
idena
 - idena: idena idina idna idana
ilene
 - ilene: ilene ailene ileen ilena ilean illene ileene
impje
 - impje: impje impie
ingram
 - ingram: ingram ingraham ingelram inghram engram ingeram ingrum ingrame ingrami
 - ingracia: ingracia
 - ignora: ignora
iredell
 - iredell: iredell iradell iredale irdell iradel iredel
isidio
 - izidio: izidio isidio isidia
ivadell
 - ivadell: ivadell ivadelle
jacob
 - jacob: jacob jakob jacobus jacques jacoba jacobi jacobo jacobs jacobina jakab jacobine jakub jacobum jakobine jakobus jakobina jacova jacobsz jaakko jacobsen giacomina jacobe jacobea jaque jacobje jacoby jakoba jacobse jakobs iacopo jackob jacop jaco jacopo jakobsen jacobae jocob jb jacobss jacovo jakobea jakop jakobi jacobam xacoba jacobson jacobia jekabs jokubs japik jacub jokob jachob jacobaea jacobis jaako jogli jakobia joggi koo jaepje jacoben jacobee koba jacab jakobe jacquelina jaggli jacobes jacobz jacobeae jaccob joka jacoff jakoby jaks jacobena jaggi jacobie jekub jaquemine joggli jacobb jabob yakob yacob jaacob koob jocubs jeep jacobin jacabo jakup jacobii jaakob gacoba japick giocoma jacobos jakuba iacob jog yakub jocoff jachet jacb jacquelline joggeli jaepie sjaak jacubus yacoub jaqua jacobbine jaagup kobe jocab cobie jk jacobita jeaque jakobum coob jecub schak jacqz jacqus jagi jacaba jocobina jacuba jagob jek jackop jacues jeip jacqui jocobine jogeli jaegli copa jokub jogi jacok jaquis jcob jackle jacabina jackli jacobaa coosje yacub jackobina jacobeam jacquema jacof jaggeli jalke jecob jakol joacob jagues jocof jekob jakobaea jaagli jacco joglj jacomia kacob jakli jaglj jaeggli jaymee jakoc
 - korbinian: korbinian corbinian
 - yeghia: yeghia
jannetgen
 - jannetjen: jannetjen jannetgen jannetge jannetije jantgen
jeacques
 - jeacques: jeacques jeaques
jenkins
 - jenkin: jenkin jenkins jenkinson jenkyn jenken jinkins jinkin junkin jenckin jenking jenkini jenkine jenkens jankin jeken jenkinge jonk jinken
jertru
 - jertru: jertru
jhs
 - jhs: jhs
joel
 - joel: joel joella joell joelle jole joeli joellen joal jol jolle johiel johel johial joll joil joela jowell jowel johile joels joellyn joele jaiel
 - jeol: jeol
 - yoel: yoel
joris
 - joris: joris jors jores jorus jorise jorisze
 - jooris: jooris
jovino
 - jovino: jovino joventino joviano jobino
juho
 - juho: juho
kader
 - katr: katr kader kedar kadar
 - kidder: kidder
kay
 - kay: kay cai ke kai kaye kaja kei kaia cay kae ceu caio ky kaw chay caius keay kaio caw cau cajus cae kaie kej gajus kaylynn kaylyn
 - schaje: schaje
kendra
 - kendrick: kendrick kindred kinder kendra kendrew kendred kendricks kindrid
keturah
 - keturah: keturah katurah ketura katura kitturah kiturah catura kittura ketturah kitura caturah ketorah keturiah kuturah kittury kutura
kimer
 - kamer: kamer
 - kimer: kimer
kisire
 - kisire: kisire kissire kizirah
knudsen
 - knudsen: knudsen knudsine
kune
 - kuno: kuno kune kuen kunneke kunnigje kunnigjen
lael
 - lal: lal lael lale lail laleah lall
lamont
 - lamont: lamont layman lamon lamond lamonte lemont lemond laymond leyman lament limond lomond lamonde lemonte lamount lamant
larmon
 - larmon: larmon larman
lauritsen
 - lauritsen: lauritsen lauridsen
 - laritz: laritz
lazaro
 - lazaro: lazaro lasaro lazara lazarus lasara lazare lazar lazzaro lacaro leiser lazarette lazard lazarine lasarus lozaro lazerus laz lasar lassaro laso lazarina lazarre laser lazario lesario losaro lazari lazrus lazurus lazzara lazaros lazaras lasaria leeser lazarius lazareth lazarous lasare leazer lasi lazuras lazaris lzaro lzara
 - lizar: lizar
lefa
 - foy: foy foye foyer
 - leva: leva
 - leafy: leafy leaf lefa leafa leafie leffie leafe leefe lefoy lefy lefee leaffy lefey leaffe leafee
 - levke: levke
lemon
 - lemon: lemon leman lehman leamon leeman leaman lemoyne lamoine lemoine lemmon lehmann laman lamoyne leemon lemoin lemen lamoin lemons lehmon lemona lamen lemonia lamone lemmons lemin leiman lammon lamaun lemaun
 - lumina: lumina lumena
leser
 - lizer: lizer leizer lesser lesher leser lasher
 - lazer: lazer
 - leasure: leasure
libbens
 - lobban: lobban libbens
lillian
 - lillian: lillian lillie lily lilian lilly lila leila lelia lilla lilia lillia lilley leal lilie liliana lilli lili liliane lille lilliam laila lallie lyyli liley lilo lill lillah lellie lalia lillan leala lilyan lilianne lelie liliam leilah lylie lylian lillien lelian lilllian lillion lelina lally lilliane lalie leilia lilliana leilla lilan lillyan lealia leile lilio lillin lilien lyllian lely lillye lillen laly lelly lillianne leil lillain lellian lillean lyly lilean lel lilion lilliann lilianna lellen leiel leline
lira
 - lira: lira liria lirio lirrie
llagas
 - llagas: llagas lagos lajas
loflin
 - loflin: loflin lofland
lorelda
 - lorilda: lorilda larilda lorelda larelda laurelda
 - lurilda: lurilda
lovetta
 - lovett: lovett lovetta lovette loveta lovet lovatt lovitt lovat lovita lovit loved lovid
 - leavitt: leavitt leavett
lucretia
 - lucretia: lucretia lucrecia lucrezia lucetta lucresia lucrece lucette lucrecio lucresse lugrezia lucreta lucretta lukretia lucritia loucretia luerecia lacretia lucricia lucretiae lecretia lucresio lucrecy leucretia lukris lucrettia lucresa lucretie lucrese loucetta lucreatia lucres lucretius lucressia lucratia locretia lucertia lucrelia lucris loucrecia lucras lucrita lucresy cretta lukresia lucettia leucrecia lucreita lucretea lucreasy luceretia lucresha lucreia lokris lutrecia lucreece lucrectia lucrets lukrits lucratus lucressa lucreacy lucrieta lucrica lucrisa lucutia lucrtia lucretin lucretis luceretta luct lycetta lucresey lucreasey lycretia
 - setti: setti
lugo
 - lugo: lugo luardo leard lug luard luigo lugdo louard
 - lard: lard
luttrell
 - luttrell: luttrell latrell littrell
lytton
 - litton: litton lytton litten lighton
 - leaton: leaton leeton
 - leton: leton
madison
 - madison: madison madsen mattison matson mattson matheson maddison mathieson matison mathewson mathisen madson mathison matteson maderson mattinson matzon madeson mathiason madderson maddeson
 - medicine: medicine
maijke
 - maaike: maaike maijke maaijke maijken maike mayken maeijken majken maeijke maika maeyken maayke maik maaijken maijcke maijcken maaka maeyke maycke maeijcke maeijcken maeike maicke meyke maicken maayken maijgje maaijgje majke maijtje maeke maeiken maichje mayka
mamerto
 - mamerto: mamerto mamerta mamert mamet
manta
 - manta: manta menta mantie mant mentie mantha mando mantje mentha mayant manti menty
 - munthe: munthe
marina
 - marina: marina marine marinka marinho maryna marena marinha marini morena mereana merina morine marinna mariena marrin marana mariona maranna myrene merran morina mareno merena morino marain meren marimo mirena marrina marijntje morana almarene marinah merania maroin merene marenia almarina merana marania merehana myrina myrnia almarena maranah murana
marvella
 - marvel: marvel marybelle marzella merville marvella marybell marvell marvelle mervil marvilla marvil marville mervel murvel marybel marval marvill marwell mervilla morvel
 - maravillas: maravillas
matisa
 - matiaz: matiaz mateasa matisa matisha
maywood
 - maywood: maywood
mcintosh
 - mcintosh: mcintosh macintosh mackintosh
 - mcintyre: mcintyre
medad
 - medad: medad midad
melcena
 - melcena: melcena melson melcina melzina melzena melsen melsena melcenia melsina malcena malzena malcina melcinia melissente
menelaos
 - menelaos: menelaos
merlin
 - merlin: merlin merlyn maryland merlene merline murlin merland murlene merlon myrlene merlen murline merlina myrlin murland merlan morlin murlen merlynn myrland murlyn merleen myrlen myrline myrleen myrlan
mgr
 - mgr: mgr
milam
 - milam: milam milliam milum miliam milham
 - mallam: mallam
mindel
 - mindel: mindel mintje mindla
mj
 - mj: mj
montague
 - montague: montague montagu montaque montegue montigue mountague monticue montacute
morman
 - merriman: merriman moorman merryman morman mormon marmon merman
mozelle
 - mozelle: mozelle mozell moselle mozella mizael maysel mosella mazel mazella mazelle mozel mazell mosell mosel mazilla moiselle mizella maysell mazle mocella
muss
 - moss: moss
 - muse: muse muus moussa mus muss muijs muis muos
nair
 - nair: nair nahyr
 - nar: nar
nason
 - nason: nason nassan naasson naason
 - nison: nison nissan nisan
neff
 - neff: neff nefi nf
nerius
 - nereus: nereus nerius nerias
newman
 - newman: newman naaman neuman namon neumann numan naman nyman niman naamon nahman newnam
nicomedes
 - nicomedes: nicomedes nicodemus nicodemo nicomedis nicomedez nicod nicomede nicomeda nicudemus nichodemus nicomedia necomedes nicudemos nicodemas nickodemus nicomedo
nissen
 - nissen: nissen nishan nissim nussen
nonda
 - nonato: nonato nonata nonnato
 - nondus: nondus nonda
noyes
 - noyes: noyes noyce noise noyse nois noys
obera
 - ober: ober obera oberia obery
odilon
 - odilon: odilon odilona odelon odlin odiln
oh
 - oh: oh
olga
 - olga: olga olegaria olgar olka olgie olge ulga olaga
ona
 - ona: ona una onnie unni onia und une unie onna ony unna oni onas onny onah uni unia onnolee unah uny onea unnie oona oena uney oana unj
 - yona: yona
orange
 - orange: orange orrange orenge
ormond
 - ormond: ormond orman ormand ormon ormund ormando oramon
 - tormund: tormund thormund tormond
oses
 - oses: oses
ottiwell
 - ottiwell: ottiwell otwell ottewell ottwell ottowell otiwell otewell ottual
oxley
 - oxley: oxley exley loxley
paiva
 - paiva: paiva
pantha
 - panthea: panthea pantha panthia
parthena
 - parthenia: parthenia parthena parthina perthena perthenia partheny parthinia parthene part partha parthania pertina parthana porthenia porthena parthine parthema perthina paratine parthemia parthenea parthia partina partheney perthana partenia parthonia purthenia perthema pearthenia
patton
 - patton: patton paton patten paten patent patin peton petten
ped
 - ped: ped pedo
 - pd: pd
pennock
 - pennock: pennock penick pinnock
perina
 - peronne: peronne perinne perina perrinne piron pierronne perona perena parina pierrone pering perrina parena pyrena pirena pyrene pirene pyrenia
 - pherina: pherina
peyton
 - peyton: peyton payton payten
philura
 - philura: philura phillury philury
 - philora: philora
pilar
 - pilar: pilar pilara pelar pillar pilr
plantaganet
 - plant: plant plantagenet
 - plantaganet: plantaganet
polaski
 - pulaski: pulaski polaski palaski
 - pilas: pilas
porfino
 - porfino: porfino porfinia porfinio
preben
 - preben: preben praben
pritchard
 - prichard: prichard pritchard pritchett prichd prichett pritchet
ptronille
 - ptronille: ptronille
quaid
 - quade: quade quaid
race
 - race: race rase
 - rayes: rayes
ramosa
 - ramosa: ramosa ramusa ramoz
rauha
 - rauha: rauha raha
redfern
 - redvers: redvers redford redfern redfearn
reinoud
 - reint: reint
 - ryno: ryno
 - reinoud: reinoud
renato
 - renato: renato renatus renardus renaat renati reynato
 - reneer: reneer
revd
 - revd: revd
ridge
 - ridge: ridge ridgely ridgley ridgeley
 - redge: redge
rinne
 - rinne: rinne rinear
roark
 - roark: roark rorick rorik
rojas
 - rojas: rojas
rosabelle
 - rosalba: rosalba rosabelle rosabel rosabella rosabell rosebell rosebelle rosebella rosealba roseabelle rosaville
rowena
 - rowena: rowena ruan roena roan rhona roanna rovena roana rowene rovina rowina roann revina roene rhoena roenna roina ravina ravena rowana revena roine rowenna rohanna roenia ravenna rovene rovenia rowanna rovine rauna rohena rohana ruina ruvina rhoana rawn roannah rouena roween rowine rowann roaney rivannah rhuana roeanna rhoanna roeny rowane royann ruvinia rowennah ruhene
 - rona: rona ronna
ruliff
 - ruloff: ruloff ruliff rulif ruluff ruluf ruleff
ruurtje
 - ruurdtje: ruurdtje ruurdje ruurtje
sagrado
 - sagrado: sagrado sagrada sagrados lagrado sagrdo
sample
 - sample: sample samples
 - semple: semple
saraiva
 - saraiva: saraiva
saverio
 - severo: severo saverio saveria cevero sayer severio sayers savory savery savario savaria savary savera savero saver sevaro savira saier
 - syer: syer
scholastique
 - scholastique: scholastique scholastica scolastique scolastica scholastika scholastyka skolastika scholast scholasticae schol colastica scholastic scholasticka skolastica cholastique scholastina
sears
 - sears: sears searcy sejer seier sier sear seyer seir saer sejr seer syers seers seare
seiko
 - eiko: eiko seiko
 - sieka: sieka cieke
senora
 - senor: senor senora senorina cenira cenorina zenora sedora zenorina senoria cenora sinora senorah cenoria cener seiner
 - sanra: sanra sanora
setrak
 - setrak: setrak
shanner
 - shiner: shiner shanner
sherman
 - sherman: sherman sharman shearman shermon shurman sherma surman sharma sherm sermon sharmon
shriver
 - shriver: shriver schriver
sieuwtje
 - sieuwke: sieuwke sieuwtje
 - seitje: seitje seytje
sila
 - sil: sil sila sill sile silah
 - scilla: scilla
 - cyle: cyle
 - zial: zial
sinforosa
 - sinforosa: sinforosa sinforoso sinforiano sinforiana sinforoza simforosa simphorosa sinforozo simporosa sinphorosa simforoso cinforosa sinforeano sinfrosa sinforeana symphorose simforiano simforiana simfrosa sinforasa sinfroso simfroso
 - symphorienne: symphorienne
sjoerdtje
 - sjoerdtje: sjoerdtje sjoerdje sjoertje sjurtje
slocum
 - slocum: slocum slocombe
society
 - society: society
sonora
 - sonora: sonora snorri snorre snorra sonorah
sp
 - sp: sp
sproul
 - sproul: sproul spruell
stansbury
 - stansbury: stansbury stanbury stansberry stanberry
stephen
 - istvan: istvan stephanus stephen esteban estevan etienne stephan steven steph stephani stefan steve stefano stephano stephanie staffan stevens stepan steffen stephania stevenson estevao esteve stefanus stephens stepha steffan stephenson step stjepan stefana szczepan stefanie staphan stephane stephana stephanum stephany estevam esteves steeven estefano estaban steffano steuen stevan stephans stipan stef etiene steva stephn stepanus stevie stephann stefen esteba estavan steephen stepn stefani stephus tapani stepney staffen steaven stephina estevn stephin stefa stepen stevin steffens steban estiban stephanis stefo stephi stephannus ettienne stephine steffanus esteuan stevo stiven stephon sephen ethienne estteban estheban estev steyn stafan stephenus stephe steffine estephano estvan esteven staf steaphen esthevan estivan stephnus stephenie steff istuan steponas staphen stephanos steave steffie estevo stephena stephanius stephanes esttevan stephanns stephensen stefanos steeuen estebn staphanus stepheni steffani stepfan etien esteben stephie stphen steuben stiepan stebbing stefanja etten steeve ettiene stefane estepana stev stepp stevyn eteinne stean stephney estebam stevanus steffe stafano stephyn stepehn stefaan steevens steventon steaphan hesteban ezteban sephan stephanas steauen estban stefanis stovin estebe stee stefon stiphen staeffen steffin stevon sthephen stepheny steiven stehen stephne estebon eztevan stewen stephannes staffans stepehen hetten estoban eitenne stuben staeffan steffann etting stpehen stephson stehpen stuen heton stevi steohen stephenas stphanie stp estevenon
 - tahvo: tahvo
 - sophonius: sophonius
stoker
 - stoker: stoker stocker staker
stylianos
 - stylianos: stylianos stilianos
 - stelios: stelios
sussman
 - sussman: sussman sassaman
sweetland
 - scotland: scotland sweetland swetland
ta
 - ta: ta tah tau tia tta
talmage
 - talmadge: talmadge talmage talma tallmadge
 - tollemache: tollemache
tarje
 - tarjer: tarjer tarje terje taras tergie targje
teadore
 - teadore: teadore
tennessee
 - tennessee: tennessee tennesse tennesee tenessee tennys tennissee tennessie tenisee tenneessee tennysee
texas
 - texas: texas texa
theoderick
 - theodrick: theodrick theodric theoderick theoderic
 - tederico: tederico
thorine
 - thrine: thrine thorine thorne torine thorunn thorn thrina thorun tormo thoren thorny therina therena tormoe thormo thorunar threna thorunnar thodorine
tiaerd
 - tier: tier
 - tiaerd: tiaerd tieert
tilton
 - tilton: tilton
 - talton: talton
tivadar
 - tivadar: tivadar
toebke
 - tobke: tobke toebke toebe
torcoroma
 - torcoroma: torcoroma
town
 - towne: towne town towns towner townes townend
trevanion
 - trevino: trevino trevanion trevenen
truelove
 - truelove: truelove trulove
tulip
 - tulip: tulip
tyson
 - tyson: tyson tison tysen
uler
 - euler: euler eular ular uler ulery
unity
 - unity: unity unita unetta unite uneta eunity unett unettie
ursula
 - ursula: ursula orzse ursule orsola vrsula ursulae ercilia urzula orse ursola ursulo ursulina ersilia ursel ursus ursala urszula ursulam ersa ursilla hursula ursulla ursela urcula ursa orsula ursulle ursul vrzula ursulino urssula ersie urzulo orsolina ursla ursila ursley ursella ersula arsula vrsola vrsulae urschula urusla usley urso vrsulo ursolina hersilia usula ercie ursuline urselina urschla ercelle ursal ursua ursell ursi ercila ursulah ursolo ursual ours orsala ursely arzula vrsel urcilla ercilla urcella ursulen worssila hersilie urshula ursie urseley orsilla earsie ursele orsel urusula ursly worsila vrsley ursilia urseline ursuley urssel urshel vrsilla vrsala vrseley ursular orsill vursula vrsule urcela ursulay urseli urzino ursulia ursulita ursuala urssla vrsulay vrcina vrsela arsilla ursuly ersilla urula urschel urzina orselina uraula usilla ursle uzella ursaley ussala urss arsella versula vrsly eursula usly ursalla hursule uschi orselia vrsely ursey urselle orzella orzelia orsla vrsella ussilah orsila orsella orser uzilla ursale ucilla ursalina urcinia ussela usala urson ursalae oerzse usla urzulino erzula ursille uorschla urselah vrsila urseltje esula arsulla ursuls erzel aarsilla usaly ussly orsally urs
 - thuring: thuring thuering
 - durss: durss duri durisch durig
 - ouseley: ouseley
 - oscilla: oscilla oscha
 - arshalous: arshalous
valdemar
 - valdemar: valdemar waldemar waldina valdimar waldermar veldon valdine waldemir waldmar waldemer valdina wolmar valdmar valdermar waldamar wallemar valmar wolmer valdamar velden valdean valden wollemar valdon velde woolmer valdene
vandyke
 - vandyke: vandyke
vd
 - vda: vda vd
ventura
 - bentura: bentura ventura venturo venturina venter venture venturada ventur venturia
 - vinter: vinter
vero
 - vero: vero wero verro
 - verisimo: verisimo
 - virau: virau
 - varro: varro
vida
 - vita: vita vida vada veda vit veta vid vietta witte vido vidad vetta vitta vaudie vide vieta vauda vedia vata witta vedie vidie wita veida vede wida vette vidah
vinther
 - vinther: vinther
vittoria
 - vittoria: vittoria veturia vituria
vrerick
 - vrerick: vrerick vrerik
waldron
 - waldron: waldron wildred waldren waldram
warfield
 - warfield: warfield
wayburn
 - wayburn: wayburn weyburn
wells
 - wells: wells welles willes well wyllys willas wyllis wellis wels
wh
 - we: we wh ww whh
wibbe
 - wiebe: wiebe wijbe wibbe wibe wijbbe wibbo wiebo wijbo wibo wijpko
 - wippert: wippert wipert
 - weiprecht: weiprecht
wijmke
 - wimke: wimke wemke weim wijmke
 - wemmigje: wemmigje
willetta
 - willet: willet willett willetta willette willets wilts wiletta willits willetts willeta willietta willit willitt willott williet waylett
 - wilhite: wilhite
wingate
 - wingate: wingate winget
wmb
 - wmp: wmp wmb
woodfin
 - woodfin: woodfin
worthy
 - worth: worth worthy wirth worthey werth wortha worthie warth
wyndham
 - wyndham: wyndham windham windom wyndam winham
yadwiga
 - yadwiga: yadwiga
yeoman
 - yeoman: yeoman yeomans yeaman yeamans
you
 - you: you yoo
yuma
 - yum: yum yuma yoma
zapopan
 - zapopan: zapopan zapopa
zenith
 - zenith: zenith zenneth
zlate
 - zlate: zlate
zwaantje
 - zwaantje: zwaantje swaantje swaentje zwaantien swaentien zwaantjen schwantje swaantie swaentjen swaentie swaantjen swaantien zwaantie zwantje swantie
 - zwenne: zwenne zwenneken
 - swana: swana
 - swanida: swanida