Experiment: ward-2.4-log10
sub-buckets=17031
aa
 - aa: aa
abednego
 - abednego: abednego abdenago abednigo abednago bendigo abendigo abendego obednego
accursia
 - accursia: accursia accursio
adam
 - adam: adam adamus adami adams adamo adamum adame adamina adamy adamss adamine adamis adamacio adames adamas adamm adamii
 - adan: adan adao adanto
 - addam: addam adomas adoms adem adma adom adm addams adnet addame
 - aidan: aidan aatami aatu aadam
 - dahm: dahm edem atam edam
ado
 - ado: ado addo
affred
 - affred: affred
aguero
 - aguero: aguero
ailsa
 - alisa: alisa alsa alissa alsia
 - ailce: ailce ailsa ailse ailsie ailsy
alastair
 - alastair: alastair alasdair
alexander
 - alexander: alexander aleksander allexander alaxander alexsander alexandar alesander alexanda alezander alexender aleksandar alexader aexander allexsander alexendre elaxander alexnder alixsander alexder alexaner alexzander alenander alaxender alexnader alcander alexamder alexcander alescander alexendra alecander ellexander aleaxander elleander
 - sandor: sandor sando sandorne
 - alejandro: alejandro alessandro alesandro alegandro alijandro alefandro alisandro
 - alexandre: alexandre alejandre allexandre alexandrea alexandrew alixandre allexandrine allexand allexandr alixandr alxandre alxandrine
 - alex: alex alexr alexis alexo alexius alexey alexos alexi alexie alexan alexei alexii alexy alexio alexios alexd alexej alexus alexer alexn alexe alexes alexice alexas alexious alexandere alexar
 - alejandra: alejandra alessandra alajandra elexandra alixandra allessandra
 - alexandra: alexandra alegandra alexdr alexsandra zandra
 - alexandro: alexandro alexandrino alexdro alexandrinha alexro alexandrin
 - sandra: sandra sandro sandrina sandrine sanderina sandre sandry sandria sanderijntje sandrijntje sandrijna
 - alexandrine: alexandrine alexine alexanderine
 - alexandrina: alexandrina alejandrina alessandrina alixandrina aleixandrina
 - aleja: aleja alejos alejando alejandria alijo alejanda aljo alojo alejandri
 - aleksandra: aleksandra aleksandr aleksandras aleksandrs allesandra
 - sandy: sandy sanders sander sands sand sandi sanda sandie sandys sande sandert sandes sandia sandee sandar sannes
 - alcantara: alcantara
 - alec: alec alic elec
 - alexina: alexina alexanderina alexena alexana alexenia alexzena alexene
 - alix: alix alixe alixis alixa
 - alexandria: alexandria alexand alexandri alexandr alexandru alexandros alexandrum alexande alexando alexandrus alexandrie alexandor alexandia alexandine alexandeer alexandrius
 - alexa: alexa alexia alexandera alexanderia alexiae
 - saunders: saunders sunday saundra sunderland saunder sunder sunda sundra sundre
 - aleksej: aleksej aleksei aleksi alek aleks aleksis elwick alack alekso
 - aleck: aleck alick allick
 - aleksandrovna: aleksandrovna alejandrino allesandro allessandro aleksandro alejandrin
 - santi: santi santora santura santeri santy santie
 - alessio: alessio alesio alesr alexanders alexs alexsis alexcis
 - allexr: allexr aleixo aleix allex alax allexis allxr alexix elax
 - sondra: sondra sondre sindre sindry
 - aleksanteri: aleksanteri oksana alexandrovna leszek olesia aleksiina
 - elexander: elexander alixander alxander alamander aleander allixander elixander aleseander lexander
 - alistair: alistair
 - zander: zander sondergaard sender xander senda seander xandra
 - elex: elex elix elixia elixa elexis elexious elexia elexus elexius lexius
 - scheindel: scheindel sascha sacha
 - alxr: alxr alx alaster alleck alr allec
 - alego: alego alega alegos
 - shandy: shandy shanda
allena
 - alene: alene aleen aleene alenia aliena aleena aleana
 - ulyana: ulyana uliana ulan ulena ulene
 - alleyne: alleyne alyene
 - allena: allena allina ellana allenna
 - illena: illena yelena olanna
 - eulene: eulene euline eulena
alred
 - alred: alred aller elred alar ellred
alyandro
 - aleandro: aleandro aljandro alyandro alyandra
amby
 - amb: amb amby amba ambo ambie
anara
 - anara: anara anarah anariah
angiolino
 - anjelino: anjelino angiolino angilo
ansgarius
 - anasaria: anasaria anasario ansgarius
apple
 - appleby: appleby apple apel appleyard
archel
 - hercilia: hercilia hercelia
 - arkley: arkley archel archilla arshel arshal
arilda
 - arild: arild arilda erilda urilda aurilda eurilda arelda
 - urilla: urilla urella
armour
 - armour: armour armor armer ormur armar
artis
 - ortis: ortis artis artus artist artice artes artois
ash
 - ash: ash ashe
asmus
 - asmus: asmus assmus osmus ausmus
athanasios
 - athanase: athanase athanasio athanasius athanasios athanas athanagildo athanassios athanassio athanatius athanatious
 - afanasij: afanasij fanya
aubierge
 - aubierge: aubierge
austis
 - austacia: austacia austa austasia austice austis austia austiss austic
aw
 - yaw: yaw aw
azubah
 - azubah: azubah azuba azabah asubah asuba azubia asaba azaba azby azubiah auzubah
 - zuba: zuba suba subia zuby suby
bainbridge
 - bainbridge: bainbridge bambridge bembridge benbridge
bancroft
 - bancroft: bancroft
barney
 - barney: barney barnie barny birney barni borney bardney
 - born: born bourne bourn bornie borne
 - bjarni: bjarni borni biarni baarni biarne biarna bjarna
bathilde
 - bathilde: bathilde batilde bothild bathilda batilda bethilda bothildur betilda
beatman
 - bateman: bateman batman beatman
belarmina
 - belarmino: belarmino bellarmino bellarmin belorman
 - belarmina: belarmina bellarmina belermina
benansia
 - benansia: benansia
beriah
 - beriah: beriah bera bura byra barah bariah byre buriah
bethel
 - bethel: bethel bethell bethal
 - bethuel: bethuel bethula bethnel bethial betheul bethual bethiel bethewell bethewel
 - bothwell: bothwell bythel bithel bythal
bickerstaff
 - bickerstaff: bickerstaff biggerstaff
biscoe
 - bosco: bosco biscoe boscoe
blaylock
 - blalock: blalock blaylock
boaz
 - boaz: boaz boas baz boase booz boes
bonifacio
 - bonifacio: bonifacio vonifacio bonefacio bonafacio benifacio bonfacio bonofacio
 - bonifacia: bonifacia vonifacia bonefacia bonafacia benifacia bonfacia
 - bonifasio: bonifasio bonifasia bonifaz boney bonifatius bonifazius boni bonifazio bonificia bonno vonifasio bonifas bonefaas bonefaes
 - boniface: boniface bonifacius bonifacy bonifaci bonificio bonifac bonifacii bonefacius bonifaco
botterell
 - bottrell: bottrell botterell
boynton
 - boynton: boynton ponton pointon poynton boyington
bregje
 - bregje: bregje bregtje bregie breghje bregtie bregjen
 - brecht: brecht brechie brechje breghie brechte brechtgen breckje brecktje
brogan
 - barragan: barragan brogan brogun
brynte
 - brinton: brinton brynte brunton
bunell
 - bonilla: bonilla bonnell bunnell bunell bonnel bunnel bonel
bushrod
 - bushrod: bushrod
cader
 - cater: cater cader kater cator cador cadar
calletana
 - calletana: calletana calleta calatina
canales
 - canales: canales
carabel
 - corabelle: corabelle corabell corabel carabelle carabel carobel
carson
 - carson: carson corson carsen corsen coursen karson
 - corsino: corsino corcino corsina corcina carshena
 - curzon: curzon curson
cathane
 - cathen: cathen caethano cathain cathane
celerino
 - celerino: celerino selerino
chabes
 - chabes: chabes
chane
 - chen: chen chuan cheney chien chino cheyne cheyenne chian chinn cheny chune chine chena chene chunn chiney chiny chiene cheyann
 - chan: chan chaney chane chanie chany channie chain chainey channe chaine chani
 - cheyney: cheyney channey cheeny cheaney cheeney
chavez
 - chaves: chaves chavez chavis
chick
 - chick: chick choque
chona
 - chin: chin china chon chona chonita chone
cirino
 - cirino: cirino cirina ciriano cirenio sirino sirineo cirineo
claude
 - claude: claude claudemira claudemiro clude cloude claudes cluade clouide
 - claudine: claudine claudon claudin claudionor claudinne claudene claudean claudiane claudeen
 - claudia: claudia claudiae clodia clodie cloda clode clod chloda
 - claudio: claudio claudino cladio clodio
 - claud: claud claudie clauda claudii claudy claudiana claudis claudiano claudaz claudi claudianna claudium claudo claudies
 - claudina: claudina klasina claudelina claudinae
 - claudius: claudius clodius claudus claudious cladius claudias claudeus claudeous
 - claudette: claudette claudete claudell claudel claudet claudelle claudetta
 - klavdiya: klavdiya clydia clida
 - cloud: cloud klaudine klaudia klaudius cludia klaudie cloudia cloudius
 - claudinette: claudinette claudotte claudinete claudot dinet
 - glaudine: glaudine glaudina glodine
 - cladie: cladie clatie cladia clade clady clad clada claddie
cline
 - cleon: cleon clen clean clenn
 - cline: cline clin clinie
 - klein: klein kline kleijn klin klen
 - cleone: cleone clan clyne clain caoline clane claine clayne clayon clynn clyn cloan cloene
 - calina: calina caline calline calena calonia calene
cobus
 - cobus: cobus kobus cobes kobes
collinson
 - collingwood: collingwood collinson collison collinwood
concurrance
 - concurrence: concurrence concurrance
coot
 - coot: coot coote coots
corydon
 - corydon: corydon coridon corridon corodon coryden carydon
 - carden: carden cordon cardon cardin corden cordin corrydon coridan coradon
cozbi
 - cosby: cosby causby cosbie cozbi cosbi
cripps
 - cripps: cripps
cruikshank
 - cruickshank: cruickshank cruikshank crookshank
curusa
 - curusa: curusa curuza crusa
dabney
 - dabney: dabney abney dobney
dameron
 - dameron: dameron demarion
dart
 - duarte: duarte duard duward
 - dardo: dardo dart darth douard
dco
 - dgo: dgo dco
deirdre
 - deirdre: deirdre diedre dierdre
delvoir
 - delfor: delfor delvar delvoir
depew
 - depew: depew depuy dupee
detroit
 - detroit: detroit
dice
 - dice: dice dis deis
 - doyce: doyce
dilworth
 - dilworth: dilworth delworth dellworth
ditlev
 - detlef: detlef detlof ditlef dethlef dethlof ditlof dettlof delf dettlef detlif dithlef detloph
 - detlev: detlev ditlev ditlov ditlevine ditlew detler ditlow
 - detleff: detleff dethloff dettloff dettleff dethleff ditloff ditleff dietloff
doe
 - doe: doe doo does doa
donna
 - donna: donna donalee donnalee danalee
 - dona: dona donia doni donah donatha donya donagh donea
 - dawna: dawna duna dauna dauney
douthet
 - douthit: douthit douthet
drury
 - drury: drury drewry drewery drewy druey druie druery drura druary drewrey dreury
duifje
 - duifje: duifje duijfje duifke
durward
 - durward: durward derward dorward darward
eardley
 - eardley: eardley yardley eardly yeardley
eddley
 - eddley: eddley eddly
eduvige
 - eduvige: eduvige eduvigen eduviga eduvigia eduvigio eduvigue eduvigas
 - eduvijes: eduvijes edubije edubijes edubigis eduvijen eduvirgem edubijis eduvejes eduveges eduvegis
 - eduvvigis: eduvvigis eduvviges eduvvige yduviges ediviges edoviges
 - edubigen: edubigen edubijen ydubigen heduvigen
 - heduvige: heduvige ydubije yduvige hedubige euduvige heduvije yduvijen
egene
 - egenio: egenio egene
eizo
 - eizo: eizo ezoa ezoe
eleuterio
 - eleuterio: eleuterio eluterio eleoterio elauterio elueterio eleutero electerio euluterio euleuterio eleutorio elusterio eleucterio
 - eleuteria: eleuteria eluteria elauteria euleuteria eleutera
 - eleutherio: eleutherio eleutheria eleuto eleuthere eleuta eleutaria eleutario eleuthera
elisaeus
 - elisaeus: elisaeus eliseus elises elisus
elmeda
 - elmeda: elmeda elmetta elmeta elmedia elmida elemeda
eltham
 - elth: elth eltham elthan
emich
 - emich: emich amick emig emmick
endris
 - endres: endres endris endriss enderis endrine
entiquio
 - entiquio: entiquio
eraclio
 - heraclio: heraclio heraclito heracleo eraclito
 - eraclio: eraclio eraclia eracleo
errett
 - errett: errett eretta erett erret erato arat erretta
esmenegildo
 - esmenegildo: esmenegildo esmenegilda esmenejildo esmenejilda
estes
 - estes: estes estus estis estesia eastes
eudalia
 - eutalia: eutalia eudalia eudal euthalia eude eudalie
eurebio
 - eurebio: eurebio
evalee
 - evalee: evalee eveleigh eval evalie
evodia
 - evodio: evodio evodia evada
ezechias
 - ezequias: ezequias ezechias
fajardo
 - fajardo: fajardo
farrow
 - faria: faria fara faro farah farrah farra farrier
 - farrow: farrow furrow
fedencio
 - fedencio: fedencio
femmetje
 - femmetje: femmetje femmetie femmitje femmetjen
festus
 - festus: festus vestus festy festes
finbarr
 - finbar: finbar finbarr
fitzwilliam
 - fitzwilliam: fitzwilliam
floripes
 - floripes: floripes floripa
foon
 - fiona: fiona foon fuen
fox
 - fox: fox faux foxe
 - folke: folke fulke fulk folk faulk folkes folks faulke fulks faulkiner
 - focke: focke foulques fouche fowlkes fowlke vollig foelcke fouques
 - falk: falk falck falko falkert
 - fokko: fokko foulk foulks fooks fouk volkier
 - foulkes: foulkes foulke foolke fowke fowkes fouke
 - falco: falco fulco folco fulconis faulcon facco
frideborg
 - frideborg: frideborg
fuensanta
 - fuensanta: fuensanta
gad
 - gad: gad gade gadd gaddy gat gadi gaudin gaud gada gaudy gawdy
gamewell
 - gamewell: gamewell gamwell
garside
 - garside: garside gartside
gebhard
 - gebhard: gebhard gebhart gebhardt gebhardus gebert geverd gebbard gebart gebh gaebhart
genisa
 - genisa: genisa
gerbrand
 - gerbrand: gerbrand garbrand gerbrant garbrant gerbrands gerbrandus gerbrandt gerrebrand gerrebrant garrabrant gerbrants garbrandt
 - gerbrecht: gerbrecht gerbrechta gerbrech gerbrechtje gerrebrecht
 - gerbrig: gerbrig gerber gerbert gerbrich gerbregt gerbrigje gerberich gerbreg gerbregje gerberig gerbrigh gerrebreg
gettrudis
 - gettrudis: gettrudis getruds
gijsje
 - gijsje: gijsje
giok
 - giok: giok
gizzur
 - gissur: gissur gizur gizzur
gloe
 - gloe: gloe gloy gloye
golig
 - golig: golig giolig
gormlaith
 - gormley: gormley gormly gormlaith
gppe
 - gpe: gpe gupe gp gppe gppa
greijtien
 - greijtien: greijtien greitien grijetgen
gs
 - gs: gs
guglielmo
 - guglielmo: guglielmo guglielmi guglielino
gundel
 - gundel: gundel gundhild gundula
 - gandolfo: gandolfo gandolfa
guttorm
 - guttorm: guttorm gutorm guthorm guttormur guther guttorn guttor
hadar
 - hadar: hadar hader
haley
 - haley: haley hally haly
 - haralda: haralda heralda
hampshire
 - hampshire: hampshire
haring
 - haring: haring haringh
harvard
 - harvard: harvard hereford harward arvard harver herward
haviland
 - haviland: haviland havilland haveland
heber
 - heber: heber hebert herbor eubert haber habor ivarr
 - eber: eber ebert ebbert eberd ebber ebor eberts
helty
 - heladia: heladia hiltie heltje helty
heraclia
 - heraclia: heraclia
hesper
 - hesper: hesper hesperia
higdon
 - higdon: higdon higden
hilmer
 - hilmer: hilmer hilmar hillmer
 - hilgerus: hilgerus hilgeri hilgero hilgerum hilgert hilliger heilger hillger
hkan
 - khan: khan hkon hkan
holje
 - holje: holje holge halje hlje
honywood
 - henwood: henwood honeywood honywood
hospicio
 - hospicio: hospicio hospicia ospicio hospecio
ht
 - ht: ht
hunter
 - hunter: hunter hunt hunts
hyman
 - hyman: hyman himan
idena
 - idena: idena idina idna idana
ilene
 - ilene: ilene ileen ilena ilean illene ileene
 - ailene: ailene
impje
 - impje: impje impie
ingram
 - ingram: ingram ingraham ingelram inghram engram ingeram ingrum ingrame ingrami
 - ingracia: ingracia ignora
iredell
 - iredell: iredell iradell iredale irdell iradel iredel
isidio
 - izidio: izidio isidio isidia
ivadell
 - ivadell: ivadell ivadelle
jacob
 - jacob: jacob jacobje jocob jacobam xacoba jacoben jacobee jaccob jacobena jacobie jacobb jacobin jacobii gacoba jacb jacobbine jocab jacobita jocobina jagob jocobine jcob jecob joacob jacco kacob
 - jakob: jakob jacoby jakoby
 - jacobus: jacobus jakobus
 - jacques: jacques jaque jacquelina jaquemine jacquelline jaqua jacqz jacqus jacues jacqui jaquis jacquema jagues
 - jacoba: jacoba jakoba jacobae jacobaa jaymee
 - jacobi: jacobi jakobi
 - jacobo: jacobo jacova iacopo jaco jacopo jacovo koo jakol jacomia jakoc
 - jacobs: jacobs jacobsz jakobs jacobz jaks jacobos
 - jacobina: jacobina jakobina
 - jakab: jakab jacab jacabo jacaba jacabina
 - jacobine: jacobine jakobine
 - jakub: jakub jokubs jacub jocubs jakuba jacubus jacuba jokub
 - jacobum: jacobum jakobum
 - jaakko: jaakko jaako sjaak schak jacok
 - jacobsen: jacobsen jakobsen jacobson
 - giacomina: giacomina korbinian giocoma corbinian
 - jacobe: jacobe jacobse jacobss jacobis jakobe jacobes
 - jacobea: jacobea jakobea jacobaea jacobeae jacobeam jakobaea
 - jackob: jackob koba koob kobe jackobina
 - jacop: jacop jakop jakup jackop
 - jb: jb jekabs jekub jeep jk jeaque jecub jek jeip jekob
 - jacobia: jacobia jakobia
 - japik: japik jaepje japick jaepie jaagup jalke
 - jokob: jokob jachob jabob yakob yacob jaacob jaakob iacob yakub yacoub yacub
 - jogli: jogli joggi jaggli joka jaggi joggli jog joggeli jagi jogeli jaegli jogi jaggeli jaagli joglj jaglj jaeggli
 - jacoff: jacoff yeghia jocoff jachet jackle jackli jacof jocof jakli
 - cobie: cobie coob copa coosje
jannetgen
 - jannetjen: jannetjen jannetgen jannetge jannetije jantgen
jeacques
 - jeacques: jeacques jeaques
jenkins
 - jenkin: jenkin jenkins jenkinson jenking jenkini jenkine jankin jenkinge
 - jenkyn: jenkyn jenken jinkins jinkin junkin jenckin jenkens jeken jonk jinken
jertru
 - jertru: jertru
jhs
 - jhs: jhs
joel
 - joel: joel joella joell joelle jole joeli joellen joal jol jolle joll joil joela jowell jowel joels joellyn joele
 - jeol: jeol yoel johiel johel johial johile jaiel
joris
 - joris: joris jors jooris jores jorus jorise jorisze
jovino
 - jovino: jovino joventino joviano jobino
juho
 - juho: juho
kader
 - katr: katr kidder kader kedar kadar
kay
 - kay: kay kai kaye kaia kae kaw kaio kaie kaylynn kaylyn
 - cai: cai caio caius caw cau cae
 - ke: ke kei keay kej
 - kaja: kaja cajus schaje gajus
 - cay: cay ky chay
 - ceu: ceu
kendra
 - kendrick: kendrick kindred kinder kendra kendrew kendred kendricks kindrid
keturah
 - keturah: keturah katurah ketura katura kitturah kiturah catura kittura ketturah kitura caturah ketorah keturiah kuturah kittury kutura
kimer
 - kamer: kamer kimer
kisire
 - kisire: kisire kissire kizirah
knudsen
 - knudsen: knudsen knudsine
kune
 - kuno: kuno kune kuen kunneke kunnigje kunnigjen
lael
 - lal: lal lael lale lail laleah lall
lamont
 - lamont: lamont lamon lamond lamonte lemont lemond lament lamonde lemonte lamount lamant
 - layman: layman laymond leyman limond lomond
larmon
 - larmon: larmon larman
lauritsen
 - lauritsen: lauritsen lauridsen laritz
lazaro
 - lazaro: lazaro lasaro lozaro losaro lazarous
 - lazara: lazara lazare lazar lazarette lazard lazarine lazarina lazarre lazario lizar lazari lazzara lazaros lazaras lazareth lasare lzaro lzara
 - lazarus: lazarus lasarus lazerus lazrus lazurus lazarius lazuras
 - lasara: lasara lasar lasaria
 - lazzaro: lazzaro lacaro laz lassaro laso lesario lasi lazaris
 - leiser: leiser laser leeser leazer
lefa
 - foy: foy foye foyer
 - leva: leva leafy leaf lefa leafa leafie leffie leafe leefe levke lefoy lefy lefee leaffy lefey leaffe leafee
lemon
 - lemon: lemon leman lemmon lemen lemons lemona lemonia lemmons lemin lammon lamaun lemaun
 - lumina: lumina lumena
 - lehman: lehman leamon leeman leaman lehmann leemon lehmon leiman
 - lemoyne: lemoyne lamoine lemoine laman lamoyne lemoin lamoin lamen lamone
leser
 - lizer: lizer leizer lazer lesser lesher leser leasure lasher
libbens
 - lobban: lobban libbens
lillian
 - lillian: lillian lillan lylian lilllian lillion lillin lilien lyllian lillen lellian lilean lilion lilliann
 - lillie: lillie lelia lille lillien lelian lillean
 - lily: lily lilyan lillyan
 - lilian: lilian liliana liliane lilianne lilliane lilliana lillianne lilianna
 - lilly: lilly lillye
 - lila: lila lilan
 - leila: leila leal lellie leala lelie leilah lelina leilia leilla lealia leile leil lel lellen leiel leline
 - lilla: lilla lillah lillain
 - lilia: lilia lillia lilley lilie lilli lili lilliam liley lilo lill liliam lilio
 - laila: laila lallie lalia lalie
 - lyyli: lyyli lylie lyly
 - lally: lally lely laly lelly
lira
 - lira: lira liria lirio lirrie
llagas
 - llagas: llagas lagos lajas
loflin
 - loflin: loflin lofland
lorelda
 - lorilda: lorilda larilda lurilda lorelda larelda laurelda
lovetta
 - lovett: lovett lovette lovet lovatt lovitt lovat lovit loved lovid
 - leavitt: leavitt leavett
 - lovetta: lovetta loveta lovita
lucretia
 - lucretia: lucretia lukretia lucritia loucretia lacretia lucretiae lecretia leucretia lucrettia lucreatia lucratia locretia lucrita lucrectia lucutia lucrtia lycretia
 - lucrecia: lucrecia lucrezia lucrece lucrecio lucresse lucricia lucrecy lucrelia lucreasy lucreia lucreece lucreacy lucrica lucreasey
 - lucetta: lucetta lucette loucetta cretta luceretta lycetta
 - lucresia: lucresia lucretta lucresio lucresa lucrese lucres lucressia lucertia lucris lucras lucresy lucettia lucreita luceretia lucresha lucratus lucressa lucrieta lucrisa luct lucresey
 - lugrezia: lugrezia luerecia lukris loucrecia lukresia leucrecia setti lokris lutrecia lukrits
 - lucreta: lucreta lucretie lucretius lucretea lucrets lucretin lucretis
lugo
 - lugo: lugo luardo lug luigo lugdo
 - leard: leard lard luard louard
luttrell
 - luttrell: luttrell latrell littrell
lytton
 - litton: litton lytton leaton litten leeton lighton leton
madison
 - madison: madison madsen maddison madson maderson madeson madderson maddeson
 - mattison: mattison matson mattson matheson mathieson matison mathewson mathisen mathison matteson mattinson matzon mathiason
 - medicine: medicine
maijke
 - maaike: maaike maaijke maaijken
 - maijke: maijke maijken mayken maeijken majken maeijke maeyken maayke maeyke meyke maayken majke maeke mayka
 - maike: maike maeike maeiken
 - maika: maika maik maaka maicke maicken maijgje maaijgje maijtje maichje
 - maijcke: maijcke maijcken maycke maeijcke maeijcken
mamerto
 - mamerto: mamerto mamerta mamert mamet
manta
 - manta: manta mantie mant mantha mando mantje manti
 - menta: menta munthe mentie mentha mayant menty
marina
 - marina: marina marrina marinah almarina
 - marine: marine marinka marinho marinha marini morine marrin marain marimo marijntje maroin
 - maryna: maryna marinna mariena marana maranna morana merana maranah murana
 - marena: marena morena mariona morina mareno morino marenia
 - mereana: mereana merina myrene merran merena meren mirena almarene merania merene marania merehana myrina myrnia almarena
marvella
 - marvel: marvel marvella marvell marvelle mervel murvel marval marwell morvel
 - marybelle: marybelle marybell marybel
 - marzella: marzella
 - merville: merville maravillas mervil marvilla marvil marville marvill mervilla
matisa
 - matiaz: matiaz mateasa matisa matisha
maywood
 - maywood: maywood
mcintosh
 - mcintosh: mcintosh macintosh mackintosh
 - mcintyre: mcintyre
medad
 - medad: medad midad
melcena
 - melcena: melcena melson melsen melsena melcenia malcena melissente
 - melcina: melcina melzina melzena melsina malzena malcina melcinia
menelaos
 - menelaos: menelaos
merlin
 - merlin: merlin merlon merlina merlan
 - merlyn: merlyn merlynn murlyn
 - maryland: maryland merland murland myrland myrlan
 - merlene: merlene merlen merleen
 - merline: merline murlene myrlene murline murlen myrlen myrline myrleen
 - murlin: murlin myrlin morlin
mgr
 - mgr: mgr
milam
 - milam: milam milliam milum mallam miliam milham
mindel
 - mindel: mindel mintje mindla
mj
 - mj: mj
montague
 - montague: montague montagu montaque montegue montigue mountague monticue montacute
morman
 - merriman: merriman moorman merryman morman mormon marmon merman
mozelle
 - mozelle: mozelle mozell mozella mozel moiselle mocella
 - moselle: moselle mosella mosell mosel
 - mizael: mizael mizella
 - maysel: maysel mazel mazella mazelle mazell mazilla maysell mazle
muss
 - moss: moss moussa
 - muse: muse muus mus muss muijs muis muos
nair
 - nair: nair nar nahyr
nason
 - nason: nason nassan naasson naason
 - nison: nison nissan nisan
neff
 - neff: neff nefi nf
nerius
 - nereus: nereus nerius nerias
newman
 - newman: newman neuman neumann numan nyman niman newnam
 - naaman: naaman namon naman naamon nahman
nicomedes
 - nicomedes: nicomedes nicomedis nicomedez nicomede nicomeda nicudemus nicomedia necomedes nicudemos nicomedo
 - nicodemus: nicodemus nicodemo nicod nichodemus nicodemas nickodemus
nissen
 - nissen: nissen nishan nissim nussen
nonda
 - nonato: nonato nonata nonnato nondus nonda
noyes
 - noyes: noyes noyce noise noyse nois noys
obera
 - ober: ober obera oberia obery
odilon
 - odilon: odilon odilona odelon odlin odiln
oh
 - oh: oh
olga
 - olga: olga olgar olka olgie olge ulga olaga
 - olegaria: olegaria
ona
 - ona: ona onna yona onas onah onea oona oena oana
 - una: una unni und une unie unna uni unia unah uny unnie uney unj
 - onnie: onnie onia ony oni onny onnolee
orange
 - orange: orange orrange orenge
ormond
 - ormond: ormond orman ormand ormon ormund ormando oramon
 - tormund: tormund thormund tormond
oses
 - oses: oses
ottiwell
 - ottiwell: ottiwell otwell ottewell ottwell ottowell otiwell otewell ottual
oxley
 - oxley: oxley exley loxley
paiva
 - paiva: paiva
pantha
 - panthea: panthea pantha panthia
parthena
 - parthenia: parthenia parthena perthena perthenia partheny parthene porthenia porthena parthine parthema paratine parthemia parthenea partheney purthenia perthema pearthenia
 - parthina: parthina parthinia part partha parthania pertina parthana perthina parthia partina perthana partenia parthonia
patton
 - patton: patton paton patten paten patent patin peton petten
ped
 - ped: ped pedo pd
pennock
 - pennock: pennock penick pinnock
perina
 - peronne: peronne perinne perrinne pierronne pierrone
 - perina: perina perona perena parina pering perrina parena
 - piron: piron pyrena pirena pyrene pherina pirene pyrenia
peyton
 - peyton: peyton payton payten
philura
 - philura: philura philora phillury philury
pilar
 - pilar: pilar pilara pelar pillar pilr
plantaganet
 - plant: plant plantagenet plantaganet
polaski
 - pulaski: pulaski pilas polaski palaski
porfino
 - porfino: porfino porfinia porfinio
preben
 - preben: preben praben
pritchard
 - prichard: prichard pritchard pritchett prichd prichett pritchet
ptronille
 - ptronille: ptronille
quaid
 - quade: quade quaid
race
 - race: race rase rayes
ramosa
 - ramosa: ramosa ramusa ramoz
rauha
 - rauha: rauha raha
redfern
 - redvers: redvers redford redfern redfearn
reinoud
 - reint: reint ryno reinoud
renato
 - renato: renato renatus renardus renaat renati reynato reneer
revd
 - revd: revd
ridge
 - ridge: ridge ridgely ridgley redge ridgeley
rinne
 - rinne: rinne rinear
roark
 - roark: roark rorick rorik
rojas
 - rojas: rojas
rosabelle
 - rosalba: rosalba rosealba
 - rosabelle: rosabelle rosabel rosabella rosabell rosebell rosebelle rosebella roseabelle rosaville
rowena
 - rowena: rowena roena roan rowene rowina roann roene roenna roina roine roenia rovene rovine rowine roaney roeny royann
 - ruan: ruan ruina ruvina ruvinia ruhene
 - rona: rona ronna
 - rhona: rhona rhoena rohena rhoana rhuana rhoanna
 - roanna: roanna roana rowana rowenna rohanna rowanna rohana rawn roannah rouena roween rowann rivannah roeanna rowane rowennah
 - rovena: rovena rovina revina ravina ravena revena ravenna rovenia rauna
ruliff
 - ruloff: ruloff ruliff rulif ruluff ruluf ruleff
ruurtje
 - ruurdtje: ruurdtje ruurdje ruurtje
sagrado
 - sagrado: sagrado sagrada sagrados lagrado sagrdo
sample
 - sample: sample semple samples
saraiva
 - saraiva: saraiva
saverio
 - severo: severo cevero severio sevaro
 - saverio: saverio saveria savory savery savario savaria savary savera savero saver savira saier
 - sayer: sayer sayers syer
scholastique
 - scholastique: scholastique scolastique cholastique
 - scholastica: scholastica scolastica scholasticae colastica skolastica
 - scholastika: scholastika scholastyka skolastika scholast schol scholastic scholasticka scholastina
sears
 - sears: sears searcy sejer seier sier sear seyer seir saer sejr seer syers seers seare
seiko
 - eiko: eiko seiko sieka cieke
senora
 - senor: senor senora sedora senoria cenora sinora senorah cenoria seiner
 - senorina: senorina cenira cenorina zenora zenorina cener
 - sanra: sanra sanora
setrak
 - setrak: setrak
shanner
 - shiner: shiner shanner
sherman
 - sherman: sherman sharman shearman shermon shurman sherma surman sharma sherm sermon sharmon
shriver
 - shriver: shriver schriver
sieuwtje
 - sieuwke: sieuwke seitje sieuwtje seytje
sila
 - sil: sil sila sill scilla sile cyle silah zial
sinforosa
 - sinforosa: sinforosa sinforoza simforosa simphorosa sinphorosa cinforosa sinforeana symphorose sinforasa
 - sinforoso: sinforoso sinforozo simforoso
 - sinforiano: sinforiano sinforiana symphorienne sinforeano simforiano simforiana
 - simporosa: simporosa sinfrosa simfrosa sinfroso simfroso
sjoerdtje
 - sjoerdtje: sjoerdtje sjoerdje sjoertje sjurtje
slocum
 - slocum: slocum slocombe
society
 - society: society
sonora
 - sonora: sonora snorri snorre snorra sonorah
sp
 - sp: sp
sproul
 - sproul: sproul spruell
stansbury
 - stansbury: stansbury stanbury stansberry stanberry
stephen
 - istvan: istvan estavan esthevan estivan istuan esttevan eztevan
 - stephanus: stephanus stephans stephann stephanis stephannus stephanos stephanius stephanes stephanns stephanas stephannes
 - stephen: stephen steephen stepen stephon steaphen staphen stepehn stiphen sthephen stepheny stepehen stpehen
 - esteban: esteban estaban estiban estteban ezteban estban estoban
 - estevan: estevan estvan esteven estevenon
 - etienne: etienne etiene ettienne ethienne etien etten ettiene eteinne hetten eitenne etting
 - stephan: stephan stephani stephano stephania stephane stephana stephanum stephany
 - steven: steven stevens steventon heton
 - steph: steph stephens stepha stephn stephus stepney stephina stephin stephi stephine stephenus stephe stephnus stephena stepheni stephney stephne stephenas
 - stefan: stefan stefana stefanie stef stefen stefani stefa stefo steffani stefanja stefane stefaan stefon
 - steve: steve stevan steva stevie stevin steban stevo steyn steave steuben steeve stev stevyn stean stevanus stephyn stee stevon stehen stewen stuben stehpen stevi steohen
 - stefano: stefano steffano stefanos
 - stephanie: stephanie stephenie stephie
 - staffan: staffan staffen stafan staf stepfan stafano staeffen staffans staeffan
 - stepan: stepan step stepn sephen stphen stepp sephan stphanie stp
 - steffen: steffen steffan steffens steffine steff steffie steffe steffin steffann
 - stevenson: stevenson stephenson stephensen stephson
 - estevao: estevao esteve estevam esteves estevn esteuan estev estevo
 - stefanus: stefanus stepanus steffanus steponas stefanis sophonius
 - stjepan: stjepan szczepan stipan estheban stiepan stebbing hesteban
 - staphan: staphan staphanus steaphan
 - steeven: steeven steaven stiven steevens stovin steiven
 - estefano: estefano tapani tahvo estephano estepana
 - steuen: steuen steeuen steauen stuen
 - esteba: esteba estebn esteben estebam estebe estebon
stoker
 - stoker: stoker stocker staker
stylianos
 - stylianos: stylianos stelios stilianos
sussman
 - sussman: sussman sassaman
sweetland
 - scotland: scotland sweetland swetland
ta
 - ta: ta tah tau tia tta
talmage
 - talmadge: talmadge talmage talma tallmadge tollemache
tarje
 - tarjer: tarjer tarje taras targje
 - terje: terje tergie
teadore
 - teadore: teadore
tennessee
 - tennessee: tennessee tennesse tennesee tenessee tennys tennissee tennessie tenisee tenneessee tennysee
texas
 - texas: texas texa
theoderick
 - theodrick: theodrick theodric theoderick theoderic tederico
thorine
 - thrine: thrine thorne thorunn thorn thrina thorun thoren thorny thorunar threna thorunnar
 - thorine: thorine torine tormo tormoe thormo thodorine
 - therina: therina therena
tiaerd
 - tier: tier tiaerd tieert
tilton
 - tilton: tilton talton
tivadar
 - tivadar: tivadar
toebke
 - tobke: tobke toebke toebe
torcoroma
 - torcoroma: torcoroma
town
 - towne: towne town towns towner townes townend
trevanion
 - trevino: trevino trevanion trevenen
truelove
 - truelove: truelove trulove
tulip
 - tulip: tulip
tyson
 - tyson: tyson tison tysen
uler
 - euler: euler eular ular uler ulery
unity
 - unity: unity unita unetta unite uneta eunity unett unettie
ursula
 - ursula: ursula ursulae ursulam ursla urusla ursulah urcilla urcella ursular urcela ursulay urcinia
 - orzse: orzse orse orser
 - ursule: ursule ursulo ursulla ursulle ursul ursuline ursulen ursuley ursulia ursulita ursuly ursuls
 - orsola: orsola orsolina orsala orsally
 - vrsula: vrsula hursula vrzula vrsulae vursula vrsulay eursula
 - ercilia: ercilia ersilia ersa ersie ercie ercelle ercila ercilla earsie ersilla erzel
 - urzula: urzula urszula urcula orsula urssula ersula arsula urschula usula arzula urshula urusula urula uraula versula erzula esula arsulla
 - ursola: ursola ursus ursa urso urschla ursua ursi ursolo ursie urssel urshel urssla urschel urss ursey urson urs
 - ursulina: ursulina ursolina urselina urzina ursalina
 - ursel: ursel ursala ursilla ursela ursila ursley ursella ursal ursell ursual ursely urseley ursele ursly ursilia urseline urseli ursuala ursle ursaley ursalla urselle ursale ursalae ursille urselah urseltje
 - ursulino: ursulino urzulo vrsulo vrsule urzino hursule urzulino
 - vrsola: vrsola vrsley vrsilla vrsala vrcina vrsly aarsilla
 - usley: usley usilla uzella ussala usly ussilah uzilla ucilla ussela usala usla usaly ussly
 - hersilia: hersilia ours hersilie thuring uschi ouseley thuering oscilla oerzse arshalous uorschla durisch oscha
 - vrsel: vrsel vrseley vrsela vrsely vrsella
 - worssila: worssila worsila vrsila
 - orsilla: orsilla orsill arsilla orsla orsila
 - orsel: orsel orselina arsella orselia orzella orzelia orsella
 - durss: durss duri durig
valdemar
 - valdemar: valdemar waldermar valdmar valdermar waldamar valmar valdamar valdean
 - waldemar: waldemar valdimar waldemir waldmar waldemer wallemar
 - waldina: waldina valdine valdina valden valdon valdene
 - veldon: veldon velden velde
 - wolmar: wolmar wolmer wollemar woolmer
vandyke
 - vandyke: vandyke
vd
 - vda: vda vd
ventura
 - bentura: bentura vinter
 - ventura: ventura venturo venturina venter venture venturada ventur venturia
vero
 - vero: vero verisimo virau varro wero verro
vida
 - vita: vita veta vietta vetta vitta vieta vette
 - vida: vida vit vid vido vidad vide vidie vidah
 - vada: vada vaudie vauda vata
 - veda: veda vedia vedie veida vede wida
 - witte: witte witta wita
vinther
 - vinther: vinther
vittoria
 - vittoria: vittoria veturia vituria
vrerick
 - vrerick: vrerick vrerik
waldron
 - waldron: waldron wildred waldren waldram
warfield
 - warfield: warfield
wayburn
 - wayburn: wayburn weyburn
wells
 - wells: wells welles willes well wyllys willas wyllis wellis wels
wh
 - we: we wh ww whh
wibbe
 - wiebe: wiebe wijbe wibbe wibe wijbbe wibbo wiebo wijbo wibo wijpko
 - wippert: wippert weiprecht wipert
wijmke
 - wimke: wimke wemke weim wemmigje wijmke
willetta
 - willet: willet willett willette willets wilts willits willetts wilhite willit willitt willott williet waylett
 - willetta: willetta wiletta willeta willietta
wingate
 - wingate: wingate winget
wmb
 - wmp: wmp wmb
woodfin
 - woodfin: woodfin
worthy
 - worth: worth worthy wirth worthey werth wortha worthie warth
wyndham
 - wyndham: wyndham windham windom wyndam winham
yadwiga
 - yadwiga: yadwiga
yeoman
 - yeoman: yeoman yeomans yeaman yeamans
you
 - you: you yoo
yuma
 - yum: yum yuma yoma
zapopan
 - zapopan: zapopan zapopa
zenith
 - zenith: zenith zenneth
zlate
 - zlate: zlate
zwaantje
 - zwaantje: zwaantje swaantje swaentje zwaantjen schwantje swaentjen swaantjen zwantje
 - zwaantien: zwaantien swaentien swaantien zwenne zwenneken
 - swaantie: swaantie swaentie zwaantie swana swantie swanida